rank,feature,mean_abs_shap
1,feature_460,0.09039672410947329
2,feature_8,0.08766327540793296
3,feature_85,0.08757545175768133
4,feature_171,0.0868531187499453
5,feature_231,0.08117497577534158
6,feature_336,0.08108584092384556
7,feature_109,0.08023557392443792
8,feature_204,0.07870097887325993
9,feature_282,0.07715588896796632
10,feature_58,0.07557903172972759
11,feature_33,0.07548183455710794
12,feature_209,0.07500513099021865
13,feature_272,0.0748957062323306
14,feature_236,0.07474067508668933
15,feature_243,0.07458164848045122
16,feature_379,0.07457640109040274
17,die_col,0.07440254066684013
18,feature_246,0.07421402874245965
19,feature_480,0.07398451926482136
20,feature_309,0.07395090480493206
21,feature_262,0.07326245409138363
22,feature_250,0.07232619323677275
23,feature_457,0.0719174939254192
24,feature_277,0.07133398923611407
25,feature_169,0.07120909141269716
26,feature_168,0.0709261331731277
27,feature_60,0.07069431629371015
28,feature_46,0.07041222240860993
29,feature_284,0.07008075330061933
30,feature_207,0.07007268702825269
31,feature_178,0.06980732058275808
32,feature_48,0.06977679199291487
33,feature_285,0.0697318086965368
34,feature_77,0.06911489032118656
35,feature_235,0.06896996865133372
36,feature_174,0.06896079174059588
37,feature_173,0.0681841052967374
38,feature_263,0.06794494639039195
39,feature_387,0.0678325756578194
40,feature_348,0.06772429968415258
41,feature_349,0.06741114559531416
42,feature_242,0.0673620857524764
43,feature_163,0.0672041606784423
44,feature_190,0.06718806948557296
45,feature_225,0.06708359087587228
46,feature_426,0.06670040846679591
47,feature_276,0.0665235545514736
48,feature_290,0.06644949152039882
49,feature_183,0.0659446514647745
50,feature_419,0.06588879598054916
51,feature_295,0.06588822515114687
52,feature_350,0.06538644328006965
53,feature_476,0.0646597572703063
54,feature_341,0.06439896964898721
55,feature_132,0.06403107297614558
56,feature_191,0.06385988300046407
57,feature_156,0.0636864491043547
58,feature_320,0.06358275551349302
59,feature_193,0.0631779070515269
60,feature_221,0.06317534670146764
61,feature_238,0.06312116697482467
62,feature_486,0.06287264782677644
63,feature_99,0.0628694439451296
64,feature_223,0.06250950539302298
65,feature_280,0.06243113691004659
66,feature_343,0.06219129896577833
67,feature_13,0.061687095985455145
68,feature_365,0.061560809610008156
69,feature_261,0.06146506394219922
70,feature_478,0.06101371726763097
71,feature_443,0.060861327727787996
72,feature_397,0.06078009928293917
73,feature_435,0.060401291513119015
74,feature_266,0.060207683604277286
75,feature_293,0.06004369493850578
76,feature_113,0.059941244887700175
77,feature_200,0.059565144070323726
78,feature_97,0.059450613034337726
79,feature_444,0.0594198337392997
80,feature_312,0.0593689176972011
81,feature_497,0.059310522255979915
82,die_row,0.05893682108018521
83,feature_368,0.058761813121663856
84,feature_436,0.058757216091052396
85,feature_362,0.058686324142692155
86,feature_342,0.05864549206366563
87,feature_188,0.05863163402737269
88,feature_446,0.05863060748585882
89,feature_500,0.058599705237352064
90,feature_115,0.05854664494757094
91,feature_229,0.0584316490036398
92,feature_333,0.05812467874802239
93,feature_358,0.05810710599393929
94,feature_245,0.05776766643229804
95,feature_105,0.05735756617858684
96,feature_220,0.057344475218382596
97,feature_283,0.057341077865522415
98,feature_80,0.05729254429469851
99,feature_218,0.057270815954185116
100,feature_474,0.05720266500250519
101,feature_211,0.05717922903320149
102,feature_205,0.05711896756534952
103,feature_403,0.05700651050013327
104,feature_21,0.0568511306087011
105,feature_195,0.056791685601132985
106,feature_260,0.05666649006557376
107,feature_472,0.05652292912708525
108,feature_367,0.056315546843783613
109,feature_430,0.05626111635027309
110,feature_146,0.056210550407556945
111,feature_244,0.05603762136068222
112,feature_332,0.055971900362344146
113,feature_26,0.055958601567349074
114,feature_256,0.05587815906541134
115,feature_197,0.05582045783256455
116,feature_433,0.05576907635218342
117,feature_153,0.05555453674249513
118,feature_294,0.05541458845791137
119,feature_396,0.05522662989940058
120,feature_461,0.055077026319269494
121,feature_473,0.055010271395898924
122,feature_466,0.05500940457695914
123,feature_475,0.05490921914494615
124,feature_240,0.05484365493211172
125,feature_418,0.05483085299559216
126,feature_286,0.05440139847700854
127,feature_160,0.05432772080107793
128,feature_308,0.05414019027580028
129,feature_214,0.05413604460227365
130,feature_216,0.054100619698462186
131,feature_296,0.05395279368210425
132,feature_75,0.05391853793523836
133,feature_241,0.05360772758204336
134,feature_391,0.05339497163157962
135,feature_29,0.05329211357390169
136,feature_176,0.053094708103982244
137,feature_170,0.053072052813385485
138,feature_447,0.05271970525899934
139,feature_255,0.052577770077745986
140,feature_227,0.05256971716978633
141,feature_206,0.05208747921366922
142,feature_24,0.05201369008510986
143,feature_317,0.0518878513624856
144,feature_69,0.05177339182201723
145,feature_43,0.05164647094600901
146,feature_9,0.05158520707779616
147,feature_382,0.05125484137938286
148,feature_340,0.05113196931381713
149,feature_321,0.05080684984384346
150,feature_222,0.05049772808899633
151,feature_137,0.05048374040671642
152,feature_390,0.05019787003803915
153,feature_482,0.050158921912983545
154,feature_166,0.04995064219817592
155,feature_456,0.0499372289526239
156,feature_487,0.04988689942278481
157,feature_325,0.049823980601462974
158,feature_389,0.04961589170585695
159,feature_17,0.04959826217947607
160,feature_380,0.0495752974218438
161,feature_254,0.04950272385595457
162,feature_455,0.04947349521940043
163,feature_3,0.0494533393019095
164,feature_130,0.049052794343077355
165,feature_233,0.04897358872877197
166,feature_270,0.04865930119117575
167,feature_126,0.048647963779609046
168,feature_355,0.04864389716029051
169,feature_37,0.04864053756323342
170,feature_275,0.04862187581919267
171,feature_189,0.04833839194236303
172,feature_271,0.04783399155396527
173,feature_291,0.04776639400889488
174,feature_71,0.0477481311797442
175,feature_237,0.04765406620432462
176,feature_431,0.047607430325015895
177,feature_257,0.04728590724303231
178,feature_411,0.04724357124445548
179,feature_83,0.047159459022813224
180,feature_370,0.0471528742340789
181,feature_28,0.04712698790219681
182,feature_337,0.047103832237745634
183,feature_459,0.04708492347447003
184,feature_345,0.04698916206637507
185,feature_318,0.046972386388343675
186,feature_248,0.046606008563342356
187,feature_224,0.04651745032308926
188,feature_89,0.04649539819428622
189,feature_399,0.04623392917223252
190,feature_249,0.04613392401879945
191,feature_315,0.04610035603642302
192,feature_185,0.046038938006361996
193,feature_20,0.04575460620098959
194,feature_40,0.04558791813927583
195,feature_164,0.045570878953476786
196,feature_65,0.04530274491754032
197,feature_364,0.04487067179033346
198,feature_385,0.04465035325404004
199,feature_210,0.044639731096023524
200,feature_335,0.044501545624136135
201,feature_330,0.04449186378355751
202,feature_129,0.044249578945129854
203,feature_381,0.04399448572328973
204,feature_32,0.04380226174934857
205,feature_88,0.043643667029637095
206,feature_269,0.0436294068142936
207,feature_306,0.04339738893109333
208,feature_154,0.04337810391899241
209,feature_36,0.04337479121517604
210,feature_1,0.04291872136001319
211,feature_39,0.04287132846908976
212,feature_56,0.04281525921299457
213,feature_298,0.042811822938819605
214,feature_62,0.04280865172013162
215,feature_31,0.04279065212523815
216,feature_372,0.042498439619389504
217,feature_300,0.042371687098321086
218,feature_496,0.042246830807643396
219,feature_6,0.04209238366314672
220,feature_123,0.041867094434142625
221,feature_67,0.04178218498293989
222,feature_114,0.041706709490645866
223,feature_44,0.04166650948962252
224,feature_373,0.04165401785887043
225,feature_449,0.04133163687672623
226,feature_57,0.04123570804201717
227,feature_288,0.04117384581826218
228,feature_468,0.041036994579701384
229,feature_79,0.04094233501239961
230,feature_448,0.040894154074805844
231,feature_356,0.04089136742624
232,feature_141,0.04085802008300296
233,feature_198,0.04078862532316646
234,feature_383,0.04064272168664992
235,feature_483,0.04050667737690981
236,feature_230,0.04032827432489451
237,feature_327,0.0403215414142228
238,feature_91,0.040229970604832
239,feature_491,0.04014291172163582
240,feature_125,0.04008518553211749
241,feature_152,0.039998731458197025
242,feature_84,0.03979889772495581
243,feature_102,0.039769032566946964
244,feature_347,0.039715624300871735
245,feature_326,0.039683474663564595
246,feature_462,0.0396423794950198
247,feature_441,0.039638302092274105
248,feature_119,0.03953494040067943
249,feature_81,0.03950540772287116
250,feature_34,0.03947032906738152
251,feature_357,0.03944508594830537
252,feature_488,0.0392212850744088
253,feature_328,0.03901911346161571
254,feature_299,0.038992941168500356
255,feature_303,0.03869547691662971
256,feature_265,0.03864755569744611
257,feature_465,0.038592584549591955
258,feature_16,0.038435145309686045
259,feature_158,0.038387386342317704
260,feature_140,0.03821436381117082
261,feature_133,0.037971169449151194
262,feature_22,0.037839325206331494
263,feature_392,0.037681168129407444
264,feature_279,0.03765180816485626
265,feature_35,0.03761352779359633
266,feature_239,0.03759596496317259
267,feature_409,0.03753048046453104
268,feature_467,0.037513307121953006
269,feature_400,0.03746715332802025
270,feature_212,0.037403206535379895
271,feature_366,0.03736108324493549
272,feature_18,0.03722457078150935
273,feature_360,0.03720667105717326
274,feature_404,0.0371345619187203
275,feature_251,0.03711401558580994
276,feature_417,0.037096940579270585
277,feature_471,0.037033771093709165
278,feature_310,0.03685967645239442
279,feature_489,0.03655220206952333
280,feature_359,0.036469291954477276
281,feature_148,0.03640493157502539
282,feature_4,0.03624785779403605
283,feature_442,0.036113917176653756
284,feature_338,0.0358130480088304
285,feature_414,0.03561265276397608
286,feature_495,0.03551241110163303
287,feature_434,0.03535445403038583
288,feature_344,0.03529964552520608
289,feature_78,0.035235661848275375
290,feature_479,0.03506936564315564
291,feature_149,0.0349492560009536
292,feature_252,0.034883793730481026
293,feature_334,0.03485747736666271
294,feature_323,0.03478042127952454
295,feature_331,0.0344767212398683
296,feature_203,0.034347966745426756
297,feature_100,0.034292379738453345
298,feature_186,0.03428296582963353
299,feature_68,0.0340506337444403
300,feature_415,0.03379279235023524
301,feature_470,0.03372284384091845
302,feature_258,0.03366099563554132
303,feature_322,0.033582363075169354
304,feature_159,0.03318162339929215
305,feature_184,0.03318033249866362
306,feature_147,0.033095681205205396
307,feature_136,0.033069554952586046
308,feature_427,0.03293504695196457
309,feature_386,0.03286307066268273
310,feature_311,0.032502665469612085
311,feature_82,0.03247891420433553
312,feature_440,0.0324192591958099
313,feature_27,0.032157281498992746
314,feature_402,0.03207456606070919
315,feature_41,0.03201966513630492
316,feature_182,0.03178786893711021
317,feature_110,0.03156961139257198
318,feature_498,0.0312709041764246
319,feature_64,0.030970419035344064
320,feature_361,0.030940749969073294
321,feature_264,0.03080720049253825
322,feature_194,0.030573393877160716
323,feature_98,0.030497846167613512
324,feature_268,0.030102493869101927
325,feature_316,0.029866319745874257
326,feature_351,0.029808040962700285
327,feature_202,0.029791724504230274
328,feature_429,0.02962882351139805
329,feature_425,0.029378912740115583
330,feature_51,0.029316989306195362
331,feature_11,0.02915036856254793
332,feature_378,0.02909547421476076
333,feature_127,0.02904712996187191
334,feature_405,0.028936075051134245
335,feature_54,0.028653249176935142
336,feature_116,0.028623254610829135
337,feature_103,0.028618594562764076
338,feature_7,0.02860640438139067
339,feature_118,0.0284302553975899
340,feature_86,0.028321783808334403
341,feature_111,0.028122625510823295
342,feature_494,0.028070503934562237
343,feature_313,0.028062400437159626
344,feature_374,0.028030549312927963
345,feature_104,0.027794455749950573
346,feature_439,0.027790967779301488
347,feature_363,0.027744601551868267
348,feature_416,0.027527416536139073
349,feature_395,0.027511091680093965
350,feature_428,0.027300554462777724
351,feature_128,0.027253749436183604
352,feature_131,0.02702106556729233
353,feature_161,0.02701083118248105
354,feature_23,0.02690814193463983
355,feature_485,0.02684358126662926
356,feature_454,0.026790110400446713
357,feature_121,0.02674460207496421
358,feature_401,0.026418740548664558
359,feature_408,0.026306665454031247
360,feature_305,0.026193278257008873
361,feature_74,0.026157349380444672
362,feature_165,0.026142926824384297
363,feature_445,0.02608503595997336
364,feature_106,0.02605831565208106
365,feature_139,0.025811512647094904
366,feature_410,0.02573077515496273
367,feature_469,0.025280979789628476
368,feature_259,0.025096366382379682
369,feature_208,0.02500406096203411
370,feature_124,0.025000806602483883
371,feature_464,0.024902009427226857
372,feature_424,0.024571868904651042
373,feature_301,0.024523488113466066
374,feature_120,0.0243937258743242
375,feature_234,0.02435774409703902
376,feature_52,0.024327495433712053
377,feature_499,0.023731562306865128
378,feature_70,0.02364065539674317
379,feature_375,0.02361349414592421
380,feature_412,0.023492085430818474
381,feature_481,0.02227307160873668
382,feature_87,0.021885814645873705
383,feature_196,0.021851899790406016
384,feature_458,0.021493152954166497
385,feature_253,0.021461085601522906
386,feature_61,0.021439525703754497
387,feature_101,0.021289861544614697
388,feature_339,0.021240521471146075
389,feature_406,0.021064592193663342
390,feature_94,0.021041664168463113
391,feature_324,0.02102966598533952
392,feature_30,0.020981675652751306
393,feature_421,0.02084547611815109
394,feature_353,0.020157520210752525
395,feature_47,0.02008829135921228
396,feature_393,0.02006073928058861
397,feature_247,0.01999467469177819
398,feature_228,0.019870810913491684
399,feature_187,0.01980657624617544
400,feature_346,0.01978524593130536
401,feature_369,0.01978141433619343
402,feature_138,0.019776687373677836
403,feature_14,0.01970700689375378
404,feature_307,0.01966512084166942
405,feature_122,0.01963915703734378
406,feature_329,0.019579334016673635
407,feature_423,0.01956282239504695
408,feature_142,0.01939224720823689
409,feature_50,0.019361949342126386
410,feature_157,0.019361447775202576
411,feature_278,0.018858602734406905
412,feature_76,0.01859226573970912
413,feature_398,0.018546128109994123
414,feature_135,0.018479415653504017
415,feature_2,0.018123076532195533
416,feature_66,0.01786976206229754
417,feature_314,0.017487291549905574
418,feature_143,0.017289232242768904
419,feature_10,0.017179625196304536
420,feature_422,0.017029231262575367
421,feature_201,0.016864796565980646
422,feature_273,0.016321262544053344
423,feature_179,0.016267010600638357
424,feature_352,0.016108556582316993
425,feature_407,0.0160958788010949
426,feature_181,0.01597284252589441
427,feature_144,0.015876604757789185
428,feature_453,0.015751741681734963
429,feature_354,0.015578755423893486
430,feature_432,0.015533432645824826
431,feature_96,0.015413372410602592
432,feature_95,0.01530901610800416
433,feature_93,0.015131250808813517
434,feature_5,0.015101592392426618
435,feature_215,0.01460048621387701
436,feature_484,0.01455284312370235
437,feature_199,0.014495812533528517
438,feature_490,0.014364925061189039
439,feature_107,0.014291254021926117
440,feature_25,0.013877793635861191
441,feature_90,0.013647073775652817
442,feature_175,0.013580118123905117
443,feature_38,0.013361273600664109
444,feature_493,0.012976253901020366
445,feature_145,0.012574870631340865
446,feature_281,0.012518969344065212
447,feature_376,0.012505666127719764
448,feature_388,0.01243156406584738
449,feature_167,0.012368027840755441
450,feature_12,0.01231712092984669
451,feature_63,0.012114717221457915
452,feature_53,0.012011682025807695
453,feature_297,0.011571664031229554
454,feature_226,0.011446058108842725
455,feature_450,0.011330176832911282
456,feature_377,0.010938395600698354
457,feature_451,0.010375095019914118
458,feature_319,0.010355516354465072
459,feature_438,0.010027138663080878
460,feature_219,0.009466107036236758
461,feature_394,0.009463864747513873
462,feature_73,0.00932174962449245
463,feature_452,0.008979204859860765
464,feature_192,0.00889048109573846
465,feature_274,0.008640824951533739
466,feature_92,0.008461119299474192
467,feature_217,0.008263150608452001
468,feature_108,0.008241252566469055
469,feature_150,0.007758696543249672
470,feature_112,0.007724834112116657
471,feature_59,0.007694240710169302
472,feature_304,0.00759740553643555
473,feature_437,0.0071119374364696135
474,feature_180,0.006726292285233374
475,feature_72,0.006642256791682494
476,feature_384,0.00649954943715738
477,feature_232,0.006341381788643531
478,feature_371,0.0063412421080531085
479,feature_117,0.005342453133020168
480,feature_413,0.004943924861912457
481,feature_420,0.00459999400866768
482,feature_172,0.004276022906937817
483,feature_302,0.0040322647539199515
484,feature_289,0.003912160194045702
485,feature_162,0.003892446984048993
486,feature_15,0.0038895903370577893
487,feature_55,0.003778777302736097
488,feature_45,0.0034938932443477045
489,feature_292,0.003460474332118825
490,feature_151,0.0031139881116513577
491,feature_477,0.002664154967042148
492,feature_42,0.0023665086706803028
493,feature_177,0.0019897329485266345
494,feature_155,0.001488107111432763
495,feature_134,0.001385338246768153
496,feature_492,0.0013575703473562776
497,feature_287,0.0012429477321204804
498,feature_463,0.0011370649550012763
499,feature_19,0.0007261472003782625
500,feature_213,0.0006071187809165778
501,feature_49,0.0005818886568173806
502,feature_267,0.00028525836060646584
