rank,feature,tn_mean,fp_mean,cohens_d,abs_cohens_d
1,feature_116,2.987715767812577,3.2290446487823306,0.8414028994692154,0.8414028994692154
2,feature_361,0.10418157905815219,0.10919231424015959,0.6904899378879678,0.6904899378879678
3,feature_154,192.35516582643876,205.21125270697158,0.6255408568021614,0.6255408568021614
4,feature_433,506.6118865723334,492.9788041884313,-0.6142142095766644,0.6142142095766644
5,feature_238,362.44640478280513,353.27295031657815,-0.6004882915178981,0.6004882915178981
6,feature_441,174.97470037955563,178.37536063839684,0.5904108220550399,0.5904108220550399
7,feature_347,2.370254510285483,2.26798652712656,-0.568149926703199,0.568149926703199
8,feature_246,133.01144402322913,136.9029466122283,0.5553552687159039,0.5553552687159039
9,feature_457,3.1525131812168685,3.3076223812127066,0.5486412258889534,0.5486412258889534
10,feature_48,4348.498126782188,4763.782231147877,0.5444972488309531,0.5444972488309531
11,feature_46,2956.854539252451,2986.86721735572,0.5429689022987576,0.5429689022987576
12,feature_241,3629.438139891981,3901.5234502917106,0.5419137434848523,0.5419137434848523
13,feature_447,1293.4837712543067,1203.30621684793,-0.5387396484166719,0.5387396484166719
14,feature_205,7.88893323566072,8.306372721400392,0.5350025826027884,0.5350025826027884
15,feature_293,-155.9431306114957,-146.32976654358046,0.5286885427019006,0.5286885427019006
16,feature_478,1887.0383961765583,1814.5379145954441,-0.5228429024950704,0.5228429024950704
17,feature_91,25.29501065581904,24.113390602598525,-0.5222171613202502,0.5222171613202502
18,feature_254,16.00040198152616,15.294058702157995,-0.5218079599807026,0.5218079599807026
19,feature_234,0.3147235074626741,0.3306580122183034,0.5206507311510598,0.5206507311510598
20,feature_24,812.0929360497668,770.4158990332403,-0.5183682576986935,0.5183682576986935
21,feature_119,0.9347771008024587,0.890164680692827,-0.5175252779601237,0.5175252779601237
22,feature_137,1799.3022606532224,1744.9893350154725,-0.5111703927227377,0.5111703927227377
23,feature_178,14.256183840356934,14.834690176381391,0.5091951133170267,0.5091951133170267
24,feature_203,8.03632182461763,8.454549067941656,0.5084500793713217,0.5084500793713217
25,feature_77,-46.96845130559851,-45.50098848105938,0.5029031000208579,0.5029031000208579
26,feature_84,424.90304380068096,449.60279295735586,0.49680641981399876,0.49680641981399876
27,feature_297,2.7787064464769724,2.92867866312883,0.4952185044285618,0.4952185044285618
28,feature_221,0.3135049520731306,0.3089176120344117,-0.4917165995809316,0.4917165995809316
29,feature_404,45.808313938875635,43.35391248328698,-0.48977420249969295,0.48977420249969295
30,feature_350,716.3411686886158,756.2850559154795,0.48526052237266304,0.48526052237266304
31,feature_17,0.11729511092455598,0.10933525430019708,-0.4706321852154053,0.4706321852154053
32,feature_201,1.9157416361818789,1.7983915847362046,-0.47052548991860627,0.47052548991860627
33,feature_381,-19.9190340067187,-19.47856397084824,0.4693376577624735,0.4693376577624735
34,feature_44,489.7036866767447,515.1330685117184,0.46811443516113643,0.46811443516113643
35,feature_271,1.5150514631720469,1.486243214856689,-0.4679828807754106,0.4679828807754106
36,feature_243,1014.3757585132319,1073.0744094837528,0.4658016019665224,0.4658016019665224
37,feature_426,-0.30040651936708535,-0.3114363216981552,-0.46489299279971075,0.46489299279971075
38,feature_332,25.883968323894823,25.293521742645833,-0.46379965986375327,0.46379965986375327
39,feature_359,2842.1154858116515,2718.3199968562835,-0.4607560131657027,0.4607560131657027
40,feature_13,-138.97795398981353,-131.11425364757795,0.4569260116487385,0.4569260116487385
41,feature_280,9.36582776198855,9.758470680977865,0.456270285861597,0.456270285861597
42,feature_348,25.25097766711201,24.644717904690264,-0.4557338147697862,0.4557338147697862
43,feature_486,4933.032060314337,5220.824019424093,0.4532590300380468,0.4532590300380468
44,feature_295,0.3319711827851612,0.3407042641199918,0.45300611502298327,0.45300611502298327
45,feature_424,24.657748479936952,23.356449978025278,-0.4498287157077964,0.4498287157077964
46,feature_232,0.1189322901159976,0.11693059966612497,-0.4492091553166609,0.4492091553166609
47,feature_83,0.27220895211196555,0.28563129952141003,0.4423925171181527,0.4423925171181527
48,feature_248,0.7734059169509546,0.8067376836401051,0.43920747182022835,0.43920747182022835
49,feature_470,1.8972943995131293,1.8375931339996654,-0.4387150011911598,0.4387150011911598
50,feature_223,0.8882042720487245,0.8527208489724205,-0.43772844614513634,0.43772844614513634
51,feature_386,903.0064904450251,962.3695063461881,0.4373372340313689,0.4373372340313689
52,feature_325,0.3797651484025159,0.3730147760084588,-0.43603829757865536,0.43603829757865536
53,feature_308,237.4270269602785,228.06669070770684,-0.43549077837052247,0.43549077837052247
54,feature_419,1423.932970577116,1336.9862358679673,-0.4323321255080151,0.4323321255080151
55,feature_227,3581.4634174689645,3775.2869283610758,0.4313292969194125,0.4313292969194125
56,feature_183,-205.2931466718675,-195.0833683062897,0.42707519987142994,0.42707519987142994
57,feature_161,128.00899382638818,135.64147596827945,0.4267629051771342,0.4267629051771342
58,feature_126,3308.6539218550465,3200.6155169204044,-0.42351671209060127,0.42351671209060127
59,feature_463,8.808538797318892,9.239500944942366,0.4188978420445028,0.4188978420445028
60,feature_428,0.12766049404942928,0.1238056547552477,-0.41842190837959814,0.41842190837959814
61,feature_473,91.43277110122665,92.57803013777509,0.4179770144177211,0.4179770144177211
62,feature_445,0.11142998697098093,0.11555841268694998,0.41650599347143263,0.41650599347143263
63,feature_415,-1.7502446781467962,-1.6501605964120352,0.4149505880797462,0.4149505880797462
64,feature_152,1.091934246009177,1.0619039441468563,-0.41308721909636725,0.41308721909636725
65,feature_242,587.4429300373731,618.5809784414224,0.4109409651341506,0.4109409651341506
66,feature_52,-0.4392086384364317,-0.4284935539137848,0.4060997039403167,0.4060997039403167
67,feature_105,130.83425904698112,128.39203437979933,-0.40581391835201325,0.40581391835201325
68,feature_461,-3480.879060520861,-3691.973945268101,-0.4046295535678114,0.4046295535678114
69,feature_81,-942.8937332217715,-993.4229636176487,-0.40199995736357463,0.40199995736357463
70,feature_32,0.9219846338049487,0.9021754846120306,-0.39813344876055,0.39813344876055
71,feature_500,1.755139680619714,1.858673632769306,0.39593608251037643,0.39593608251037643
72,feature_210,2.892253660419712,2.9528981468137263,0.3945272423745672,0.3945272423745672
73,feature_6,-26.117971775166215,-27.315888997778682,-0.3935008253903864,0.3935008253903864
74,feature_55,7.2799502671704195,7.546357358844989,0.393265693637358,0.393265693637358
75,feature_376,-2400.76703554681,-2496.571680714349,-0.38866607264134756,0.38866607264134756
76,feature_284,0.1519296719091227,0.1603607239471209,0.3859361624300977,0.3859361624300977
77,feature_40,4957.96772152795,5056.99804686652,0.38246852177184826,0.38246852177184826
78,feature_202,10.508744803391535,10.18138242769818,-0.38134497514079185,0.38134497514079185
79,feature_282,5.228515151446578,5.15282805082174,-0.3796190684079833,0.3796190684079833
80,feature_190,3.0689386006611086,3.2431651086598685,0.3789218291088572,0.3789218291088572
81,feature_268,545.7992708705524,556.1865414065168,0.3762087438356265,0.3762087438356265
82,feature_388,0.8468998072253636,0.8391351240818947,-0.3751082149694092,0.3751082149694092
83,feature_450,391.57501832682425,387.59676793062727,-0.37198031093108536,0.37198031093108536
84,feature_276,1.2995389219471571,1.31746208211845,0.36933461992982947,0.36933461992982947
85,feature_164,1678.4827908928967,1723.2762316328553,0.36645922962147753,0.36645922962147753
86,feature_480,-1.607705282451511,-1.524333631497546,0.365012590854806,0.365012590854806
87,feature_65,0.35444455775915257,0.360650955666274,0.3642528815215823,0.3642528815215823
88,feature_174,-2.1556014204008758,-2.1736882318932182,-0.3627302497670599,0.3627302497670599
89,feature_323,153.86031515269235,156.28604897033463,0.3581535544715909,0.3581535544715909
90,feature_344,0.5054200332453345,0.4965638973323783,-0.356982981566047,0.356982981566047
91,feature_317,-7.613984662325517,-7.3600721763479955,0.35656547448122716,0.35656547448122716
92,feature_199,18.04513258844164,18.2054654715739,0.35464029496723093,0.35464029496723093
93,feature_367,-2.6905056692513334,-2.6453657375829756,0.3539236582181251,0.3539236582181251
94,feature_328,-586.1030301862161,-574.7453440187951,0.3530860489930883,0.3530860489930883
95,feature_4,7.905276951460523,7.449201518443261,-0.3530390353146317,0.3530390353146317
96,feature_431,0.3128295934341885,0.3211903231906012,0.3526371069392801,0.3526371069392801
97,feature_143,3911.177309898277,3758.7457167010652,-0.35229848459782076,0.35229848459782076
98,feature_352,4.292100279090599,4.350499082876429,0.3514850734209695,0.3514850734209695
99,feature_229,4624.920387618155,4855.30317227643,0.3510552652919796,0.3510552652919796
100,feature_434,27.269352082875148,25.85476020852019,-0.35066748788260843,0.35066748788260843
101,feature_300,1.0587256302551082,1.0286779971456264,-0.34923946765204084,0.34923946765204084
102,feature_417,56.02284696676891,57.74304060202792,0.34781568399179613,0.34781568399179613
103,feature_170,-29.07200441406466,-30.347355755064672,-0.34755328085961634,0.34755328085961634
104,feature_128,66.83743780437551,69.74036179869047,0.346286324246414,0.346286324246414
105,feature_488,0.206595820806478,0.19738735871054813,-0.34371257018836354,0.34371257018836354
106,feature_169,3.2558435390532865,3.0978831760738204,-0.3428519712804803,0.3428519712804803
107,feature_354,-0.3958852225438212,-0.4019308466599329,-0.3421940872753471,0.3421940872753471
108,feature_110,4206.792579860625,4046.040850081366,-0.3420896731324913,0.3420896731324913
109,feature_85,-2.0993779923799094,-2.0050450786931906,0.34101458575063687,0.34101458575063687
110,feature_37,0.723640889979273,0.7402444433038072,0.33995776695707863,0.33995776695707863
111,feature_270,-2392.0744385195458,-2491.5835609956093,-0.33749838256869996,0.33749838256869996
112,feature_172,-80.93450769761063,-78.29671945352175,0.3367042339665483,0.3367042339665483
113,feature_124,67.162603422896,66.70916159419853,-0.3365712244022944,0.3365712244022944
114,feature_353,73.70029007410118,71.33675267009242,-0.3358159280885856,0.3358159280885856
115,feature_177,2.564286240068434,2.684189416167733,0.33571011656192445,0.33571011656192445
116,feature_303,0.6826946039241429,0.6653957051088909,-0.3348897496884492,0.3348897496884492
117,feature_456,1127.115432400818,1099.1781365310478,-0.3347285675572965,0.3347285675572965
118,feature_209,3078.52196505625,2939.134449011812,-0.3333576094048955,0.3333576094048955
119,feature_365,6.621814642713716,6.900305551037758,0.33251638399463257,0.33251638399463257
120,feature_351,-1.0445195320777885,-1.0373790344431673,0.33137177624182695,0.33137177624182695
121,feature_275,-223.70021977371366,-216.12122453933003,0.3297983810245543,0.3297983810245543
122,feature_249,190.51107053817546,199.2279565768857,0.32785188137445265,0.32785188137445265
123,feature_277,24.280605818681074,23.516267289737765,-0.3237083800044248,0.3237083800044248
124,feature_179,0.14455991343316268,0.1505023138464153,0.3227437516744453,0.3227437516744453
125,feature_266,0.12943843292102433,0.13088217357159068,0.3223353458582362,0.3223353458582362
126,feature_290,15.707214733811641,15.316746169168079,-0.3211171798313515,0.3211171798313515
127,feature_125,3.704260400897648,3.8060806626926116,0.3208935770778491,0.3208935770778491
128,feature_464,20.960018350675142,21.869893771344532,0.3206559413764301,0.3206559413764301
129,feature_444,288.7282764511333,283.6769518249442,-0.3183205303689082,0.3183205303689082
130,feature_20,106.37757498092975,111.10913768636154,0.3176570353742446,0.3176570353742446
131,feature_194,-0.34134777841929825,-0.35549205841079984,-0.31572132386266777,0.31572132386266777
132,feature_306,0.9734332079442973,0.9826580775410759,0.3125175028536374,0.3125175028536374
133,feature_204,0.24213087576816092,0.23595589156239485,-0.3111055922130209,0.3111055922130209
134,feature_214,0.12683832309672427,0.129303010421043,0.3108800888711774,0.3108800888711774
135,feature_211,3.783535210554031,3.8927072135090253,0.3099776052526472,0.3099776052526472
136,feature_157,0.24244374784656955,0.2343762865192156,-0.30733608651330196,0.30733608651330196
137,feature_355,0.4852060169910002,0.46725078326171404,-0.307004468941603,0.307004468941603
138,feature_75,8.280728912552751,8.368736061355365,0.30555315895532525,0.30555315895532525
139,feature_377,-40.94035470591796,-39.65794075680511,0.3051130199611124,0.3051130199611124
140,feature_403,5.335929452271795,5.104842050931271,-0.30476537193053027,0.30476537193053027
141,feature_287,40.9572481215974,39.99174747850865,-0.30437306896972466,0.30437306896972466
142,feature_272,22.279368891191396,21.963670154078226,-0.3025476821917703,0.3025476821917703
143,feature_326,183.37040754466037,185.54758632715433,0.30213678232590063,0.30213678232590063
144,feature_134,0.30871269724880857,0.30374638600836046,-0.30123620831514075,0.30123620831514075
145,feature_286,29.05877482795785,28.75345284683546,-0.2993576370254806,0.2993576370254806
146,feature_318,82.41778851255721,79.82229043670094,-0.2977260205715472,0.2977260205715472
147,feature_498,3154.0897071018067,3223.0396877742373,0.29737053852342,0.29737053852342
148,feature_28,0.48983845012859717,0.47459329370424347,-0.2962866100993561,0.2962866100993561
149,feature_108,873.6369024567791,858.5116098488326,-0.29572531637907284,0.29572531637907284
150,feature_186,560.3947852312126,577.9580604958475,0.29497804783975506,0.29497804783975506
151,feature_261,148.17083386056143,146.4811056069266,-0.2936071836697419,0.2936071836697419
152,feature_151,1012.8779765955009,985.6436537232613,-0.2933034227184095,0.2933034227184095
153,feature_140,0.19735390027428903,0.19160976963434936,-0.2930369145471328,0.2930369145471328
154,feature_475,404.7118251430758,398.2650417304849,-0.29130534935671926,0.29130534935671926
155,feature_378,507.5613607571389,482.90225039556134,-0.29077654124818975,0.29077654124818975
156,feature_312,5.201634910942257,5.139341792948957,-0.28875952754701,0.28875952754701
157,feature_129,0.7587287894042303,0.7306147652512717,-0.28801435270667924,0.28801435270667924
158,feature_319,3432.4520656702207,3306.815342078804,-0.2848555062892895,0.2848555062892895
159,feature_251,1281.1717001308762,1246.5005927661257,-0.284518000812452,0.284518000812452
160,feature_430,-52.12967266667733,-52.444789774989964,-0.2842112707368787,0.2842112707368787
161,feature_253,204.9507115253182,211.72903082993957,0.2841688060683109,0.2841688060683109
162,feature_341,699.7945113333831,678.1294357385044,-0.2835081821700169,0.2835081821700169
163,feature_185,332.06693155119,343.38356906814516,0.28348617451410035,0.28348617451410035
164,feature_208,-32.32801487040868,-31.64016483281003,0.2830261123868682,0.2830261123868682
165,feature_331,438.80264858882225,457.38883815696073,0.2816060223179344,0.2816060223179344
166,feature_265,-7.604065479401907,-7.65765072267953,-0.28147675924520205,0.28147675924520205
167,feature_103,5.4119651887297024,5.523847417970567,0.28054460642143003,0.28054460642143003
168,feature_459,6.214204064153042,5.981956185423482,-0.28040591975328033,0.28040591975328033
169,feature_184,11.347841388977722,11.415042699111702,0.27965866617079366,0.27965866617079366
170,feature_30,1.3110986113921017,1.2820067609720718,-0.2795630795403383,0.2795630795403383
171,feature_80,3447.9249413511347,3405.0157966955708,-0.2784195084333503,0.2784195084333503
172,feature_490,867.5776919873668,883.9515183452357,0.27547195005051195,0.27547195005051195
173,feature_244,221.2560453814063,218.5922458018392,-0.2737095342118274,0.2737095342118274
174,feature_448,0.12794534392518134,0.12361044230774287,-0.27281554025230786,0.27281554025230786
175,feature_230,0.37356933204115944,0.3818793874993222,0.271951484066989,0.271951484066989
176,feature_436,351.8377487454087,349.4473716180224,-0.2709344485968676,0.2709344485968676
177,feature_390,0.17314382850384855,0.16904306819154838,-0.26923272574459167,0.26923272574459167
178,feature_92,815.308321652143,802.29779694835,-0.2669027222879168,0.2669027222879168
179,feature_15,6.093583193911306,5.925200450226785,-0.26448528194853066,0.26448528194853066
180,feature_141,58.77339180780418,59.67194331530416,0.26383738351026254,0.26383738351026254
181,feature_491,162.17973311048118,167.10823580386935,0.2622607101579498,0.2622607101579498
182,feature_68,0.17421223382048273,0.17594406384037933,0.2615687291460384,0.2615687291460384
183,feature_111,28.148480038733737,27.739219080537683,-0.2613614175107043,0.2613614175107043
184,feature_416,3.0394458046546378,3.1237047209718347,0.26122987709562645,0.26122987709562645
185,feature_87,1606.6789294309422,1597.193823079294,-0.26042795232922344,0.26042795232922344
186,feature_60,7.696073521180167,7.802446093076218,0.2602966514823812,0.2602966514823812
187,feature_375,49.86663527958573,49.39757427751177,-0.2596134905363576,0.2596134905363576
188,feature_100,32.45597194053288,33.495526950074115,0.25818136527389624,0.25818136527389624
189,feature_369,0.8679725547542442,0.8589957329547723,-0.25464940775695477,0.25464940775695477
190,feature_336,0.183074475167493,0.18653258440853512,0.2539959957927849,0.2539959957927849
191,feature_225,0.18607087653795834,0.1926902231629967,0.2529737012969475,0.2529737012969475
192,feature_236,-209.99273126243074,-202.3547471146212,0.24986140892676467,0.24986140892676467
193,feature_379,-412.7113938017321,-405.8803975341207,0.2493615216005701,0.2493615216005701
194,feature_449,0.3976533167630694,0.3886551825006177,-0.24316614968614178,0.24316614968614178
195,feature_35,-0.35922330126984253,-0.36771227881069474,-0.24221422270969648,0.24221422270969648
196,feature_399,2096.8644804154524,2028.9660874033423,-0.24069017709700094,0.24069017709700094
197,feature_1,4.7864561513998645,4.8987047405644315,0.24044345579990037,0.24044345579990037
198,feature_407,1.0500876941637638,1.013276173518759,-0.23976320419542885,0.23976320419542885
199,feature_278,-87.85039379840285,-86.66012570034081,0.23676298744980967,0.23676298744980967
200,feature_90,219.32207308056968,222.30092445610103,0.23662498674205393,0.23662498674205393
201,feature_462,8.670895474025636,8.385220023962397,-0.23620201135137597,0.23620201135137597
202,feature_163,-76.59144877947867,-78.22218808117957,-0.23503629241475163,0.23503629241475163
203,feature_484,6.381866407172742,6.4272085538960075,0.23418070583993042,0.23418070583993042
204,feature_21,10.40125304503251,10.613709253638747,0.23148938400712576,0.23148938400712576
205,feature_263,2.318510681179511,2.2436825684994997,-0.2302682910001026,0.2302682910001026
206,feature_291,34.34745144550506,33.442584672448895,-0.23022561238049466,0.23022561238049466
207,feature_19,0.2050238341126622,0.20394855731315556,-0.227790517345237,0.227790517345237
208,feature_420,1.0799268381217233,1.0935452335471931,0.22557400992180268,0.22557400992180268
209,feature_135,0.6780398318882578,0.6640403281062325,-0.22488081909497307,0.22488081909497307
210,feature_380,2123.9004923610623,2156.06057275219,0.22280627998174657,0.22280627998174657
211,feature_349,98.23208324931844,95.77629201399118,-0.2223602659998555,0.2223602659998555
212,feature_127,-89.79870064537381,-89.16312008963882,0.22089095583721038,0.22089095583721038
213,feature_33,783.4542381287528,779.2064304844938,-0.22019766036750524,0.22019766036750524
214,feature_289,40.79875147874241,40.21483648700096,-0.21712904721538923,0.21712904721538923
215,feature_11,326.60544806655594,335.4437542489766,0.2142186110228585,0.2142186110228585
216,feature_335,2691.9112517934177,2767.21743223639,0.21416761997250625,0.21416761997250625
217,feature_39,0.3126192930146644,0.30795055470330723,-0.21411380468915425,0.21411380468915425
218,feature_160,334.3811141477839,332.15944190400023,-0.21341948148727127,0.21341948148727127
219,feature_465,4367.239128244416,4460.871110318599,0.21168571501069597,0.21168571501069597
220,feature_99,-6.260243634880967,-6.289265447309589,-0.21094676866855946,0.21094676866855946
221,feature_88,11.468173614351644,11.20584134275448,-0.20884809190813677,0.20884809190813677
222,feature_313,0.7217987857236836,0.7150042014578489,-0.2086103031520557,0.2086103031520557
223,feature_296,3.494139874521382,3.5469400786609575,0.20805047281532893,0.20805047281532893
224,feature_492,113.8501582213648,113.29410469616157,-0.20655640992297172,0.20655640992297172
225,feature_496,-1984.0957273713032,-1996.3673970744187,-0.20654244527593138,0.20654244527593138
226,feature_451,-17.774835219474554,-17.895106203201937,-0.2055349678422252,0.2055349678422252
227,feature_264,588.2224201010968,603.8152528205684,0.20485987121933688,0.20485987121933688
228,feature_93,-118.27905158210773,-115.99038029475093,0.2036008555346134,0.2036008555346134
229,feature_220,2.262789896021263,2.2957870320939553,0.203271974728543,0.203271974728543
230,feature_36,-0.21132819210332734,-0.209661465701065,0.2029587191771161,0.2029587191771161
231,feature_195,1812.5764248936798,1831.7365116906885,0.20277600390869271,0.20277600390869271
232,feature_73,2.5866540248766414,2.6349623104705433,0.20274861181277934,0.20274861181277934
233,feature_64,-28.149862183003954,-28.03346484024492,0.20238211602115172,0.20238211602115172
234,feature_320,5.302183810212468,5.242623028309272,-0.20051587568309714,0.20051587568309714
235,feature_421,1329.2744932822259,1355.537040267201,0.20007741363150264,0.20007741363150264
236,feature_314,6.374391454003292,6.333917231504792,-0.19919481217838544,0.19919481217838544
237,feature_200,35.90734170128833,35.640400830477546,-0.19889387938619466,0.19889387938619466
238,feature_79,0.383234639044729,0.3768466476824616,-0.19747266445783337,0.19747266445783337
239,feature_307,363.6017846910463,370.0082966874914,0.19642432628336629,0.19642432628336629
240,feature_207,-0.8130806937732198,-0.8228904905486262,-0.19637541542614784,0.19637541542614784
241,feature_340,0.12747435823559106,0.12558405935356975,-0.19628115000510998,0.19628115000510998
242,feature_259,58.57118216900471,59.8463757258754,0.19559765900534315,0.19559765900534315
243,feature_31,6.812798918070537,6.696619560165298,-0.19557016399454702,0.19557016399454702
244,feature_467,-4.217785193095681,-4.121545632953017,0.1944296794247105,0.1944296794247105
245,feature_113,-11.326081527949835,-11.255989809587462,0.19415995981337508,0.19415995981337508
246,feature_173,-4.366900225934085,-4.307988716690377,0.19322333488468788,0.19322333488468788
247,feature_62,-21.282900226281665,-21.933252384970952,-0.19303441339463334,0.19303441339463334
248,feature_294,825.3812934663723,837.9775350692859,0.19271265133577498,0.19271265133577498
249,feature_385,946.1335991913392,958.8308128639677,0.19216950199337068,0.19216950199337068
250,feature_418,-1367.1764794585733,-1346.3431202176182,0.19128654032772413,0.19128654032772413
251,feature_487,1034.2837384146612,1008.8277973706678,-0.1886792142533468,0.1886792142533468
252,feature_346,-621.1664260357182,-631.579113343105,-0.18637921439054456,0.18637921439054456
253,feature_260,-493.2795417275449,-487.34907045934887,0.18605696139973457,0.18605696139973457
254,feature_25,695.7118624346059,682.3953767883125,-0.1859745000486991,0.1859745000486991
255,feature_358,-126.42652328847431,-123.5760163242176,0.18523875248812702,0.18523875248812702
256,feature_74,513.1243932459928,504.6054848354349,-0.18481233674392722,0.18481233674392722
257,feature_311,2609.9935277996346,2660.2895717976776,0.1842576789979607,0.1842576789979607
258,feature_389,-424.73050383256015,-422.97328212550474,0.18233630597005235,0.18233630597005235
259,feature_343,1.5628042578227315,1.5232155619145644,-0.18204106327003555,0.18204106327003555
260,feature_432,3.350486903801363,3.302698387494256,-0.18197222409830083,0.18197222409830083
261,feature_273,0.149986576725133,0.1468316558513052,-0.18139568733027248,0.18139568733027248
262,feature_196,5.160185559008276,5.070134077650403,-0.17909122712477035,0.17909122712477035
263,feature_337,-526.8160037216804,-520.5627882050976,0.17840028254075968,0.17840028254075968
264,feature_305,-0.620882291197991,-0.606897002000491,0.17741023495129446,0.17741023495129446
265,feature_309,3.4446948449854995,3.3772525256129176,-0.1771959034356525,0.1771959034356525
266,feature_438,0.17738368264660706,0.17529102441742053,-0.17376814971473567,0.17376814971473567
267,feature_97,0.7078122569879164,0.6960436193503826,-0.1731469978219826,0.1731469978219826
268,feature_235,52.85042040453912,51.860025532404876,-0.17186663670975016,0.17186663670975016
269,feature_356,-2.427769286541598,-2.483819452022717,-0.17161103850796658,0.17161103850796658
270,feature_117,58.858816612048734,59.70049925278092,0.1713793173395534,0.1713793173395534
271,feature_383,7.29466262718547,7.411734678376597,0.17104310179099552,0.17104310179099552
272,feature_188,-266.393704825107,-271.4414170934621,-0.16618306834886523,0.16618306834886523
273,feature_101,1.5075287622294984,1.4752689193611526,-0.16543349259668821,0.16543349259668821
274,feature_489,2.4843303985307004,2.437801890413812,-0.16529258963102164,0.16529258963102164
275,feature_405,78.85382930779254,80.26380983334185,0.16492496355798575,0.16492496355798575
276,feature_122,1.020644326907086,1.0010840155160572,-0.16386453877165705,0.16386453877165705
277,feature_95,1.1086517725470895,1.1040758427723392,-0.16206576149102336,0.16206576149102336
278,feature_442,12.518556827451544,12.402176397410784,-0.16137388993967683,0.16137388993967683
279,feature_14,-0.8400992560831142,-0.8332099250967965,0.15979072744016892,0.15979072744016892
280,feature_485,1.7490170458848895,1.7672579598182707,0.15913348584264472,0.15913348584264472
281,feature_368,26.715492989694663,27.22428442493042,0.15841162509087003,0.15841162509087003
282,feature_394,0.783656316991244,0.7664333978916255,-0.15705569786900797,0.15705569786900797
283,feature_149,6.554553090849515,6.7164537812678935,0.15697134540560706,0.15697134540560706
284,feature_283,6.954342430655671,7.05850882229569,0.15603081405276167,0.15603081405276167
285,feature_364,0.10689738322381724,0.10864854622086613,0.15601776263866063,0.15601776263866063
286,feature_142,-23.54116501117999,-23.046702711146107,0.1555321196934511,0.1555321196934511
287,feature_133,5.367631115477035,5.485156444298524,0.15321362411816164,0.15321362411816164
288,feature_58,-151.6307637006629,-149.38694249719924,0.15286790084317298,0.15286790084317298
289,feature_435,0.48189437327031936,0.4726161775275428,-0.15255197459872968,0.15255197459872968
290,feature_400,-0.3218010598870257,-0.32610926987514915,-0.15153982764484886,0.15153982764484886
291,feature_250,32.11665335302934,32.00541751628372,-0.1514878991164467,0.1514878991164467
292,feature_106,-201.88521818352638,-199.82327395765333,0.1504854946915056,0.1504854946915056
293,feature_460,-29.471929440228603,-29.219952465874012,0.15011950327440982,0.15011950327440982
294,feature_408,1.6253127716540565,1.636288269637019,0.15005379117497367,0.15005379117497367
295,feature_497,-1.9816684421688253,-1.97333389533598,0.14794312346243008,0.14794312346243008
296,feature_279,484.513471433693,486.6100649427726,0.14732332018800046,0.14732332018800046
297,feature_333,24.311021656847526,24.073513482139393,-0.14731192179473948,0.14731192179473948
298,feature_446,29.770518253901145,30.281080176682824,0.1459220997477047,0.1459220997477047
299,feature_70,1464.807562431882,1443.1938681428226,-0.14475189094765203,0.14475189094765203
300,feature_146,4.04708398060363,3.9581732964582788,-0.1419882453527151,0.1419882453527151
301,feature_166,34.61095622301508,34.919056035567145,0.14191300533250842,0.14191300533250842
302,feature_439,10.51211168504723,10.306458259568986,-0.14133134311306036,0.14133134311306036
303,feature_360,1131.9562974305848,1145.1250548840612,0.14079866227713955,0.14079866227713955
304,feature_176,3.900296155856572,3.8723264484737245,-0.140581865043756,0.140581865043756
305,feature_398,65.86873782356659,66.41983431330051,0.13950319530053987,0.13950319530053987
306,feature_155,31.52233801865102,31.04632878716997,-0.13852094545845764,0.13852094545845764
307,feature_298,-17.9305847783311,-18.026093740714277,-0.13819649037914436,0.13819649037914436
308,feature_494,-3.261081226781823,-3.2000381231779342,0.13807543426271449,0.13807543426271449
309,feature_2,55.740986961888794,54.9677137452152,-0.1378778427187726,0.1378778427187726
310,feature_191,3585.7749812456473,3520.764660774625,-0.13672214087287407,0.13672214087287407
311,feature_150,5.745219804350257,5.82797914652662,0.13546613529110846,0.13546613529110846
312,feature_411,0.2440606275308772,0.24783160907130028,0.13387788332860584,0.13387788332860584
313,feature_466,-0.7109519443719029,-0.7082870958261597,0.13358450789925833,0.13358450789925833
314,feature_262,1633.8006103890161,1615.1910535569016,-0.13166216862299354,0.13166216862299354
315,feature_267,0.1091344071098893,0.11012597874215706,0.13131098572895894,0.13131098572895894
316,feature_102,0.18943671395925732,0.19165738978636457,0.13070627100780646,0.13070627100780646
317,feature_123,129.76813346500765,128.51465244942776,-0.12871560582739083,0.12871560582739083
318,feature_409,-0.6672184785215025,-0.6646714700459525,0.12857605490697654,0.12857605490697654
319,feature_8,3.489415310020954,3.5428135788665167,0.12677562649895333,0.12677562649895333
320,feature_240,17.44646589285354,17.524381320386887,0.12641275868255325,0.12641275868255325
321,feature_469,1672.5230909720972,1648.1266235489195,-0.12484725722889567,0.12484725722889567
322,feature_391,1.3953533076701348,1.4042125203690066,0.12406784942276196,0.12406784942276196
323,feature_455,1.4558276535883328,1.4296348039840021,-0.12381093471983666,0.12381093471983666
324,feature_402,-32.384069968705155,-32.07861036400323,0.12310252812822182,0.12310252812822182
325,feature_114,3314.404203580261,3284.9947608617963,-0.12231091862026577,0.12231091862026577
326,feature_274,863.062988445524,859.9337612728859,-0.12083461262572602,0.12083461262572602
327,feature_168,0.3076535679916213,0.30265115953475463,-0.12068560565454768,0.12068560565454768
328,feature_182,12.055116810014912,11.898928556461911,-0.11735337162183558,0.11735337162183558
329,feature_458,9.509481414937035,9.645285868900002,0.11643199849578938,0.11643199849578938
330,feature_440,-5.757683730576973,-5.859715395516314,-0.11639573367746059,0.11639573367746059
331,feature_393,121.6953208766471,120.66496942249326,-0.11632397708695198,0.11632397708695198
332,feature_257,873.5878694444807,879.0604377260203,0.114706352916549,0.114706352916549
333,feature_322,4491.976530031842,4421.201590099449,-0.1138775836353952,0.1138775836353952
334,feature_471,0.6051719858725151,0.6113820883842164,0.11379274704925593,0.11379274704925593
335,feature_237,-0.14669237606250016,-0.14615261913371047,0.11269991114879363,0.11269991114879363
336,feature_481,-0.2764863877402892,-0.27272454120285416,0.1126193917282503,0.1126193917282503
337,feature_443,0.15160967639349418,0.14940684359346393,-0.11195958546681796,0.11195958546681796
338,feature_63,572.3158818866902,563.3958516262318,-0.11081913405445667,0.11081913405445667
339,feature_71,699.8957988332602,703.1160192419939,0.11075508309478055,0.11075508309478055
340,feature_310,0.2627860907469849,0.26406963414713963,0.11035683419040616,0.11035683419040616
341,feature_156,190.7786675686778,193.25256184150894,0.10999724571929036,0.10999724571929036
342,feature_226,45.00106205982852,45.56335120206004,0.10908839339149329,0.10908839339149329
343,feature_57,0.29412588260579764,0.28929336405332,-0.10865158570636153,0.10865158570636153
344,feature_56,1088.1968119464125,1099.989206873557,0.10582479166448559,0.10582479166448559
345,feature_474,21.74691344937045,21.617767513321684,-0.10482344683978023,0.10482344683978023
346,feature_67,5.899728621664479,5.8604486505591895,-0.10466907748453169,0.10466907748453169
347,feature_397,-2255.3288826247012,-2288.4396494482994,-0.10444841542936807,0.10444841542936807
348,feature_45,0.15705946004922328,0.1574418574379566,0.10369731245638318,0.10369731245638318
349,feature_410,25.181964679344247,24.88732610352375,-0.10074818481891569,0.10074818481891569
350,feature_138,-1.6599538692611335,-1.6718699026677204,-0.10055141279303319,0.10055141279303319
351,feature_131,0.5880648347110939,0.5950507615134087,0.09913294421248783,0.09913294421248783
352,feature_217,738.299626921099,736.2984045177627,-0.09813158189559525,0.09813158189559525
353,feature_5,3.098934568282836,3.0586857256412863,-0.096902996074481,0.096902996074481
354,feature_374,33.75460518471702,33.28308412260173,-0.09676686014916006,0.09676686014916006
355,feature_162,-0.9907672758662684,-0.978951689561174,0.09673920074098434,0.09673920074098434
356,feature_112,10.240264184724673,10.188783140248598,-0.09505460631120095,0.09505460631120095
357,feature_3,0.11741978068263795,0.11884244282477453,0.09458885625518468,0.09458885625518468
358,feature_395,66.63108759901527,67.68528362669018,0.09441827538434408,0.09441827538434408
359,feature_468,0.15917622002723186,0.16034618139181853,0.09318802676086815,0.09318802676086815
360,feature_47,33.897820794603824,34.051274629532664,0.09215489277948083,0.09215489277948083
361,feature_384,0.2583082858967185,0.25881854731814813,0.09099293253414849,0.09099293253414849
362,feature_212,2.4946753164969286,2.4796456837128127,-0.09031373357440363,0.09031373357440363
363,feature_61,33.95264196421123,33.84247715580704,-0.0899573148776847,0.0899573148776847
364,feature_363,-1920.5178720985577,-1893.8255860619709,0.08909670751128325,0.08909670751128325
365,feature_366,-66.05994515296683,-65.35663920402821,0.08848329588288097,0.08848329588288097
366,feature_206,425.70752303225873,427.9779435958539,0.0882133063887579,0.0882133063887579
367,feature_43,0.229974762213218,0.22914504974560143,-0.08814428391489519,0.08814428391489519
368,feature_414,90.22855659023857,89.77792881209855,-0.08807565897133114,0.08807565897133114
369,feature_193,0.2261366550726286,0.22400885164145534,-0.08793070995700623,0.08793070995700623
370,feature_423,3.8834849143295487,3.919204256024095,0.08639946784979552,0.08639946784979552
371,feature_26,1018.3660940695236,1026.2690027890267,0.08589058327104274,0.08589058327104274
372,feature_51,-515.7871647767871,-514.7334070613211,0.0856789163535576,0.0856789163535576
373,feature_12,2937.0201881691473,2950.58132016609,0.08553607724361367,0.08553607724361367
374,feature_362,3434.313863723105,3411.700784425804,-0.08327394609301642,0.08327394609301642
375,feature_269,1367.1679008412932,1362.0131542723245,-0.08280915356328813,0.08280915356328813
376,feature_187,719.1229802539614,724.1512611877479,0.08268882636461106,0.08268882636461106
377,feature_231,1.349187904826485,1.3325218226616533,-0.0825036186512273,0.0825036186512273
378,feature_413,0.9106804675387415,0.9069548429507651,-0.08067068215294548,0.08067068215294548
379,feature_357,0.20779101244966758,0.20921323043081164,0.07953059721845061,0.07953059721845061
380,feature_382,0.10622684654128768,0.10712087252742779,0.07851436756744704,0.07851436756744704
381,feature_29,-2935.9759678597566,-2923.9078945428532,0.07817542024436175,0.07817542024436175
382,feature_144,-18.17084326686472,-18.111298718044946,0.07792044076615229,0.07792044076615229
383,feature_159,1990.0739806423496,2003.758274379309,0.07680335473600139,0.07680335473600139
384,feature_316,-11.097907743833161,-11.073293666640003,0.07620256237982048,0.07620256237982048
385,feature_406,7.518739106275147,7.498259766225435,-0.07612733430923534,0.07612733430923534
386,feature_115,150.1532643840773,151.66311794732562,0.0738388376526265,0.0738388376526265
387,feature_72,-0.6521482042970086,-0.6568097412618322,-0.07224836682515018,0.07224836682515018
388,feature_9,7.7111635861615895,7.736879409979913,0.07033525697191638,0.07033525697191638
389,feature_288,-430.7038471279836,-427.9148121338464,0.06926461618098843,0.06926461618098843
390,feature_130,0.35764519039275205,0.35970024283594987,0.06841437455248962,0.06841437455248962
391,feature_334,0.8670336922182047,0.8738979141405769,0.06813801454469325,0.06813801454469325
392,feature_180,-2766.1998497008153,-2751.953515541763,0.06779603656815714,0.06779603656815714
393,feature_76,9.494966113002686,9.416890308093675,-0.06772115993082531,0.06772115993082531
394,feature_147,18.22365527805533,18.110650623233067,-0.06687289015219966,0.06687289015219966
395,feature_158,18.069351395200346,18.131015506914352,0.06538320431995352,0.06538320431995352
396,feature_304,4136.350350040802,4104.430212335919,-0.06492327865012351,0.06492327865012351
397,feature_22,24.011346263513808,24.079188688208273,0.06442367020341304,0.06442367020341304
398,feature_345,-506.27420092981987,-510.08456970555244,-0.06253873461254918,0.06253873461254918
399,feature_218,13.809254497911954,13.905207960777837,0.062230930376734356,0.062230930376734356
400,feature_401,820.4213635528902,825.4970732333726,0.06063277397702992,0.06063277397702992
401,feature_132,87.08965833443352,86.76116064988476,-0.05932855881405454,0.05932855881405454
402,feature_477,2741.1882512449038,2734.000309036466,-0.05908688362699998,0.05908688362699998
403,feature_167,124.18832450198384,123.59812093732977,-0.058324089266883636,0.058324089266883636
404,feature_118,26.00403896439711,26.05791165402425,0.05816511317187634,0.05816511317187634
405,feature_301,0.24859714537527616,0.2504097812625092,0.0580709306027932,0.0580709306027932
406,feature_139,438.66984114824163,435.83308922044466,-0.05784606266240746,0.05784606266240746
407,feature_23,25.696014322154202,25.537171048562055,-0.05759494536700442,0.05759494536700442
408,feature_315,0.319445302827972,0.3201634083049232,0.05631163077905241,0.05631163077905241
409,feature_107,3.006301669238017,3.018774431881434,0.05604850073589015,0.05604850073589015
410,feature_153,798.0644271658224,801.1801209840332,0.05569296516350845,0.05569296516350845
411,feature_50,-0.21432242612520835,-0.21317812146832413,0.05469509004727727,0.05469509004727727
412,feature_89,1092.5619351032244,1084.8123636420146,-0.05408440181892359,0.05408440181892359
413,feature_495,312.0796077520533,314.6430862696606,0.053223696372656434,0.053223696372656434
414,feature_483,35.749120750637545,35.871131315641065,0.05282625357953082,0.05282625357953082
415,feature_34,75.1545668135689,74.85229513516639,-0.052627427581611416,0.052627427581611416
416,feature_329,0.5044110128218064,0.5011821583158462,-0.05249599370813855,0.05249599370813855
417,feature_233,2050.5412722654596,2052.9806146457036,0.05240050016385657,0.05240050016385657
418,feature_18,4.229866733287211,4.258174273936382,0.05220518814577778,0.05220518814577778
419,feature_189,-0.10476348431751221,-0.10502365031597877,-0.052085092031440315,0.052085092031440315
420,feature_53,-236.67448478368672,-235.4293479661451,0.049899808883782384,0.049899808883782384
421,feature_429,-28.541642798283,-28.612981337484342,-0.049700081302200834,0.049700081302200834
422,feature_104,0.1989207004696646,0.19931778294508073,0.04963800051546002,0.04963800051546002
423,feature_171,2388.7453736715706,2397.323023481564,0.0490675197127437,0.0490675197127437
424,feature_396,0.4812450486179382,0.48181245049226423,0.04797086361150018,0.04797086361150018
425,feature_7,654.5171881846808,650.9785853073832,-0.0461170314523279,0.0461170314523279
426,feature_493,1169.9428720588073,1164.6967844797302,-0.04530802247496327,0.04530802247496327
427,feature_482,-0.1086624141211012,-0.10893762024944405,-0.04493326888403835,0.04493326888403835
428,feature_454,7.5309925706417,7.558938411080104,0.04432821602142205,0.04432821602142205
429,feature_41,41.36303467656364,41.56054532852537,0.04230971155112478,0.04230971155112478
430,feature_66,5.091326287109664,5.080313252955443,-0.042040450302238117,0.042040450302238117
431,feature_213,1.7393860342379066,1.7357034860642127,-0.04192786597271366,0.04192786597271366
432,feature_422,246.8550022809947,247.87370265367724,0.04142228942090974,0.04142228942090974
433,feature_78,1053.5370303711347,1049.4976671185316,-0.04091191900905506,0.04091191900905506
434,feature_371,0.5534309057392592,0.5563152583153388,0.040667310347071745,0.040667310347071745
435,feature_82,-58.645444718590724,-58.589773697209104,0.04013944963752809,0.04013944963752809
436,feature_38,4.1513430906251685,4.13539184390329,-0.03966594299796968,0.03966594299796968
437,feature_499,41.447551104392474,41.222997448661665,-0.03902255730788137,0.03902255730788137
438,feature_239,0.9224696636331468,0.9184105370239894,-0.038510751147147804,0.038510751147147804
439,feature_27,284.856506892471,285.89829864281955,0.038155317129722886,0.038155317129722886
440,feature_228,-0.36933117194688486,-0.3682877647028717,0.037425647940525476,0.037425647940525476
441,feature_247,2035.3815825223232,2026.1008280644674,-0.03673078189666113,0.03673078189666113
442,feature_285,337.315183838016,335.7320426709348,-0.03577298764003637,0.03577298764003637
443,feature_121,2804.2959181370397,2814.834697109463,0.03554520722382122,0.03554520722382122
444,feature_437,853.4232102066784,849.2785734291291,-0.03515269034017585,0.03515269034017585
445,feature_258,423.55004181952785,424.63799498652605,0.035083910172256746,0.035083910172256746
446,feature_219,347.27287744702375,348.5722296437328,0.0338609410080722,0.0338609410080722
447,feature_54,-6.066720670889104,-6.083053782847315,-0.03328373684758195,0.03328373684758195
448,feature_255,1.6507814708741095,1.64629971176763,-0.03285799074656236,0.03285799074656236
449,feature_342,1.9229950235694917,1.9188332225069729,-0.031922616249913265,0.031922616249913265
450,feature_224,-0.3379474388728317,-0.33942111017128257,-0.03189042752588998,0.03189042752588998
451,feature_175,2.61070982778451,2.60677721155361,-0.031593341366653385,0.031593341366653385
452,feature_427,0.598863514257421,0.6004641815092507,0.030760733814099713,0.030760733814099713
453,feature_338,1793.6913196061594,1801.5746662128101,0.03050773855273836,0.03050773855273836
454,feature_256,0.2397514972595935,0.24062327535498884,0.03025198851191364,0.03025198851191364
455,feature_302,12.768640756750413,12.796098250232186,0.029994911170503458,0.029994911170503458
456,feature_96,0.31617284560961795,0.3172991632453479,0.029948126193488713,0.029948126193488713
457,feature_145,360.59900317756995,359.318503579376,-0.028864908318902253,0.028864908318902253
458,feature_472,4.610522171139204,4.626296622189623,0.028485831959846507,0.028485831959846507
459,feature_120,2634.8465882053883,2623.595921450175,-0.026749883715455933,0.026749883715455933
460,feature_192,-0.22476419953400528,-0.22446474361281124,0.02537896472715029,0.02537896472715029
461,feature_69,-0.45050891235528173,-0.4498158514980397,0.025299660782022105,0.025299660782022105
462,feature_476,6.285185671546834,6.282333580580427,-0.02362238852509174,0.02362238852509174
463,feature_324,3.357480415710673,3.3537907425044793,-0.022530610425449727,0.022530610425449727
464,feature_299,3.4058321494349997,3.4031785548479996,-0.02164632088566644,0.02164632088566644
465,feature_425,-65.18233427354929,-65.01512401966225,0.021591299225044238,0.021591299225044238
466,feature_387,0.20647808282676414,0.20659266299499687,0.021540666557948264,0.021540666557948264
467,feature_98,311.85647998869945,312.3589106114169,0.021368452738858495,0.021368452738858495
468,feature_373,71.31074125866138,71.43292292042163,0.021290519534429713,0.021290519534429713
469,feature_370,1.5264058166591454,1.5226454014037298,-0.021228446310115473,0.021228446310115473
470,feature_86,8.98739850152045,9.009591481594994,0.021128464052705163,0.021128464052705163
471,feature_453,7.388800368629492,7.367823873283322,-0.020612747741956105,0.020612747741956105
472,feature_198,51.46598221383481,51.35351502331658,-0.020509035592119966,0.020509035592119966
473,feature_165,4.353402896060683,4.341640564587789,-0.01977789918042731,0.01977789918042731
474,feature_281,101.74729403239711,101.85892900825405,0.01895389561010099,0.01895389561010099
475,feature_136,42.12157215663597,42.014579199194934,-0.018945095237222286,0.018945095237222286
476,feature_148,1.1832740459714794,1.1814720413876236,-0.018782105981393193,0.018782105981393193
477,feature_327,0.4302697298348654,0.4310911785913069,0.018687357769381074,0.018687357769381074
478,feature_479,-2703.910781457242,-2705.4954434816104,-0.018493281831503176,0.018493281831503176
479,feature_245,4064.7739673259903,4072.598414700306,0.018087283200174165,0.018087283200174165
480,feature_216,92.04109977440395,92.09921470692784,0.017335644362304115,0.017335644362304115
481,feature_16,0.23659881678304032,0.23631782358279527,-0.01711886147281833,0.01711886147281833
482,feature_10,674.9749206755674,676.2168698756194,0.014753649788465556,0.014753649788465556
483,feature_252,2975.1956296006324,2976.83453446434,0.014130196701608576,0.014130196701608576
484,feature_197,37.22166217871812,37.28560806594516,0.012098050606209856,0.012098050606209856
485,feature_372,0.22318493789627533,0.2228707368318905,-0.011401423877567268,0.011401423877567268
486,feature_49,-0.12363124986427639,-0.12371991431460268,-0.01138992026733824,0.01138992026733824
487,feature_215,1.9652033503122786,1.9670553660218169,0.010214604060338308,0.010214604060338308
488,feature_222,13.195699767435167,13.188700353253248,-0.009919666847345614,0.009919666847345614
489,feature_321,0.1625217525943883,0.16237244622881095,-0.009423957390073453,0.009423957390073453
490,feature_452,0.1016568647392978,0.10152831744763957,-0.009379986437790866,0.009379986437790866
491,feature_330,-0.5854548077946259,-0.5851152424362962,0.00867313318258018,0.00867313318258018
492,feature_59,375.9339997844493,375.48204018389896,-0.008647305132861185,0.008647305132861185
493,feature_412,-10.873713848661323,-10.887194869672186,-0.008177453642543474,0.008177453642543474
494,feature_392,-1.892672475982925,-1.8906146739883793,0.007873068067814229,0.007873068067814229
495,feature_42,0.32753779261865934,0.3274417581760059,-0.003994058393713388,0.003994058393713388
496,feature_109,37.05380976874266,37.04949531209311,-0.003207685458503919,0.003207685458503919
497,feature_181,9.132102943428054,9.133903194612406,0.002785647849861367,0.002785647849861367
498,feature_339,89.36575389571111,89.3800081904103,0.0021843138084715256,0.0021843138084715256
499,feature_292,13.85788479672083,13.854672757097006,-0.001932626351047036,0.001932626351047036
500,feature_94,-67.64270153699012,-67.64997039314183,-0.0007794163119240425,0.0007794163119240425
