rule,rule_description,row_idx,wafer_id,die_row,die_col,true_label,predicted_label,predicted_proba,contributor_rank,feature,feature_value_raw,feature_value_scaled,shap_value
most_confident_correct_fail,argmax(predicted_proba) among rows with true label=Fail AND predicted=Fail,67143,W_N_0065,3,12,1,1,0.9997047711961489,1,feature_272,19.02858428373848,-3.0938030661318905,0.29594034919050277
most_confident_correct_fail,argmax(predicted_proba) among rows with true label=Fail AND predicted=Fail,67143,W_N_0065,3,12,1,1,0.9997047711961489,2,feature_309,2.3285535328684395,-2.8287904093954674,0.26084072879740106
most_confident_correct_fail,argmax(predicted_proba) among rows with true label=Fail AND predicted=Fail,67143,W_N_0065,3,12,1,1,0.9997047711961489,3,feature_169,2.055576605223011,-2.5837940949826272,0.23170752187368868
most_confident_correct_fail,argmax(predicted_proba) among rows with true label=Fail AND predicted=Fail,67143,W_N_0065,3,12,1,1,0.9997047711961489,4,feature_241,5152.478737419507,3.328778575188433,0.2247878623172669
most_confident_correct_fail,argmax(predicted_proba) among rows with true label=Fail AND predicted=Fail,67143,W_N_0065,3,12,1,1,0.9997047711961489,5,feature_221,0.2846675693874464,-2.722430629873097,0.21559017831489447
most_confident_correct_fail,argmax(predicted_proba) among rows with true label=Fail AND predicted=Fail,67143,W_N_0065,3,12,1,1,0.9997047711961489,6,feature_486,6690.845024163017,2.466731678183192,0.19222768455667297
most_confident_correct_fail,argmax(predicted_proba) among rows with true label=Fail AND predicted=Fail,67143,W_N_0065,3,12,1,1,0.9997047711961489,7,feature_280,11.50414468391348,2.456868715558451,0.1920690542424862
most_confident_correct_fail,argmax(predicted_proba) among rows with true label=Fail AND predicted=Fail,67143,W_N_0065,3,12,1,1,0.9997047711961489,8,feature_411,0.1530965612828291,-3.297966405964253,0.1915437991841423
most_confident_correct_fail,argmax(predicted_proba) among rows with true label=Fail AND predicted=Fail,67143,W_N_0065,3,12,1,1,0.9997047711961489,9,feature_190,3.987428060166737,2.0562654957535127,0.17876937082334926
most_confident_correct_fail,argmax(predicted_proba) among rows with true label=Fail AND predicted=Fail,67143,W_N_0065,3,12,1,1,0.9997047711961489,10,feature_426,-0.3507417890233303,-2.029234086576986,0.17283510409419994
most_confident_correct_pass,argmin(predicted_proba) among rows with true label=Pass AND predicted=Pass,17983,W_N_0039,12,16,0,0,8.501759485959267e-05,1,feature_243,585.7198290895197,-3.129934533368423,-0.2988908182368381
most_confident_correct_pass,argmin(predicted_proba) among rows with true label=Pass AND predicted=Pass,17983,W_N_0039,12,16,0,0,8.501759485959267e-05,2,feature_109,39.63930770101261,2.079738095082351,-0.19712078137857464
most_confident_correct_pass,argmin(predicted_proba) among rows with true label=Pass AND predicted=Pass,17983,W_N_0039,12,16,0,0,8.501759485959267e-05,3,feature_285,234.40228011667287,-2.1377428669464797,-0.19236948418566222
most_confident_correct_pass,argmin(predicted_proba) among rows with true label=Pass AND predicted=Pass,17983,W_N_0039,12,16,0,0,8.501759485959267e-05,4,feature_21,8.02220021355641,-2.668224463325409,-0.19236473078103042
most_confident_correct_pass,argmin(predicted_proba) among rows with true label=Pass AND predicted=Pass,17983,W_N_0039,12,16,0,0,8.501759485959267e-05,5,feature_218,10.492281725357508,-2.5492526427896554,-0.18719688982897395
most_confident_correct_pass,argmin(predicted_proba) among rows with true label=Pass AND predicted=Pass,17983,W_N_0039,12,16,0,0,8.501759485959267e-05,6,feature_283,5.018537914125718,-2.66557587527281,-0.18646499479174708
most_confident_correct_pass,argmin(predicted_proba) among rows with true label=Pass AND predicted=Pass,17983,W_N_0039,12,16,0,0,8.501759485959267e-05,7,feature_174,-2.245343766296805,-2.0039264681632263,0.17476173296583983
most_confident_correct_pass,argmin(predicted_proba) among rows with true label=Pass AND predicted=Pass,17983,W_N_0039,12,16,0,0,8.501759485959267e-05,8,feature_473,84.12005838748817,-2.449846192497465,-0.17430763000700028
most_confident_correct_pass,argmin(predicted_proba) among rows with true label=Pass AND predicted=Pass,17983,W_N_0039,12,16,0,0,8.501759485959267e-05,9,feature_349,119.31151547695092,1.8975751170184112,-0.16083537824962552
most_confident_correct_pass,argmin(predicted_proba) among rows with true label=Pass AND predicted=Pass,17983,W_N_0039,12,16,0,0,8.501759485959267e-05,10,feature_262,1877.583494804576,1.708951438938649,-0.1588567664382964
borderline_near_threshold,argmin(|predicted_proba - 0.42|) over all eligible rows,127394,W_N_0064,28,19,1,0,0.4197078898364068,1,feature_282,5.732259042930995,2.4798246591643758,-0.2421996445030308
borderline_near_threshold,argmin(|predicted_proba - 0.42|) over all eligible rows,127394,W_N_0064,28,19,1,0,0.4197078898364068,2,feature_60,8.833038298708532,2.6745775540143337,0.2374413703203393
borderline_near_threshold,argmin(|predicted_proba - 0.42|) over all eligible rows,127394,W_N_0064,28,19,1,0,0.4197078898364068,3,feature_403,3.361452208336834,-3.0220022830511066,0.21307083709212565
borderline_near_threshold,argmin(|predicted_proba - 0.42|) over all eligible rows,127394,W_N_0064,28,19,1,0,0.4197078898364068,4,feature_246,120.51122872911168,-2.1192555354294305,-0.1884575305974568
borderline_near_threshold,argmin(|predicted_proba - 0.42|) over all eligible rows,127394,W_N_0064,28,19,1,0,0.4197078898364068,5,feature_168,0.2235283488354784,-1.957574035217555,-0.1810014224099414
borderline_near_threshold,argmin(|predicted_proba - 0.42|) over all eligible rows,127394,W_N_0064,28,19,1,0,0.4197078898364068,6,feature_263,1.613991102038788,-2.082031896125542,0.1790804158424695
borderline_near_threshold,argmin(|predicted_proba - 0.42|) over all eligible rows,127394,W_N_0064,28,19,1,0,0.4197078898364068,7,feature_243,1271.1072832822244,1.8219518507031502,0.16255952085438713
borderline_near_threshold,argmin(|predicted_proba - 0.42|) over all eligible rows,127394,W_N_0064,28,19,1,0,0.4197078898364068,8,feature_419,1781.578024199919,1.7822454204668772,-0.15165986447745064
borderline_near_threshold,argmin(|predicted_proba - 0.42|) over all eligible rows,127394,W_N_0064,28,19,1,0,0.4197078898364068,9,feature_156,228.15235771651905,1.8409952581305418,0.14786319725358327
borderline_near_threshold,argmin(|predicted_proba - 0.42|) over all eligible rows,127394,W_N_0064,28,19,1,0,0.4197078898364068,10,feature_433,458.1205329710378,-1.9708501411710257,0.14113688510564099
worst_false_negative,argmin(predicted_proba) among rows with true label=Fail AND predicted=Pass (missed fail),50572,W_F_0049,8,32,1,0,0.0005579898289982879,1,feature_243,672.0899095563558,-2.505915487150749,-0.24074049366502
worst_false_negative,argmin(predicted_proba) among rows with true label=Fail AND predicted=Pass (missed fail),50572,W_F_0049,8,32,1,0,0.0005579898289982879,2,feature_13,-191.94585562365177,-2.640406046704379,-0.20606555299455326
worst_false_negative,argmin(predicted_proba) among rows with true label=Fail AND predicted=Pass (missed fail),50572,W_F_0049,8,32,1,0,0.0005579898289982879,3,feature_174,-2.2601091157488407,-2.3341796909718857,0.20329016670622738
worst_false_negative,argmin(predicted_proba) among rows with true label=Fail AND predicted=Pass (missed fail),50572,W_F_0049,8,32,1,0,0.0005579898289982879,4,feature_97,0.9069043781210312,2.6299125995725388,-0.20014702705280546
worst_false_negative,argmin(predicted_proba) among rows with true label=Fail AND predicted=Pass (missed fail),50572,W_F_0049,8,32,1,0,0.0005579898289982879,5,feature_272,20.209785714473707,-1.9656007919879361,0.1901274043530561
worst_false_negative,argmin(predicted_proba) among rows with true label=Fail AND predicted=Pass (missed fail),50572,W_F_0049,8,32,1,0,0.0005579898289982879,6,feature_262,1339.8311652624045,-2.0377395012656017,0.18496344533834805
worst_false_negative,argmin(predicted_proba) among rows with true label=Fail AND predicted=Pass (missed fail),50572,W_F_0049,8,32,1,0,0.0005579898289982879,7,feature_290,12.621996077368006,-2.163340250114799,0.17751116030071026
worst_false_negative,argmin(predicted_proba) among rows with true label=Fail AND predicted=Pass (missed fail),50572,W_F_0049,8,32,1,0,0.0005579898289982879,8,feature_365,8.462514404131687,2.161460301027888,0.16790283417220223
worst_false_negative,argmin(predicted_proba) among rows with true label=Fail AND predicted=Pass (missed fail),50572,W_F_0049,8,32,1,0,0.0005579898289982879,9,feature_263,2.942304844096892,1.9143435484786508,-0.16101992287126576
worst_false_negative,argmin(predicted_proba) among rows with true label=Fail AND predicted=Pass (missed fail),50572,W_F_0049,8,32,1,0,0.0005579898289982879,10,feature_233,1938.1521349688985,-2.5025282507948563,-0.1559263287855167
worst_false_positive,argmax(predicted_proba) among rows with true label=Pass AND predicted=Fail (false alarm),24303,W_F_0029,16,31,0,1,0.7478087621129363,1,feature_476,6.6705959662730026,3.069360392079762,-0.25513040478542565
worst_false_positive,argmax(predicted_proba) among rows with true label=Pass AND predicted=Fail (false alarm),24303,W_F_0029,16,31,0,1,0.7478087621129363,2,feature_272,19.48663590878485,-2.656303693369541,0.2549077275964311
worst_false_positive,argmax(predicted_proba) among rows with true label=Pass AND predicted=Fail (false alarm),24303,W_F_0029,16,31,0,1,0.7478087621129363,3,feature_419,895.711403622423,-2.6073704910200464,0.21012592065463195
worst_false_positive,argmax(predicted_proba) among rows with true label=Pass AND predicted=Fail (false alarm),24303,W_F_0029,16,31,0,1,0.7478087621129363,4,feature_105,148.85784695855511,2.8820673338763956,-0.20137906922097584
worst_false_positive,argmax(predicted_proba) among rows with true label=Pass AND predicted=Fail (false alarm),24303,W_F_0029,16,31,0,1,0.7478087621129363,5,feature_342,1.5801103653806052,-2.732229258177333,0.20134599961734317
worst_false_positive,argmax(predicted_proba) among rows with true label=Pass AND predicted=Fail (false alarm),24303,W_F_0029,16,31,0,1,0.7478087621129363,6,feature_457,3.772078395803162,2.200831196218959,0.19590255557458408
worst_false_positive,argmax(predicted_proba) among rows with true label=Pass AND predicted=Fail (false alarm),24303,W_F_0029,16,31,0,1,0.7478087621129363,7,feature_362,2659.920858489816,-2.5229981525330794,-0.19481979746525946
worst_false_positive,argmax(predicted_proba) among rows with true label=Pass AND predicted=Fail (false alarm),24303,W_F_0029,16,31,0,1,0.7478087621129363,8,feature_332,22.187127800749785,-2.795009640159535,0.19322147234794912
worst_false_positive,argmax(predicted_proba) among rows with true label=Pass AND predicted=Fail (false alarm),24303,W_F_0029,16,31,0,1,0.7478087621129363,9,feature_379,-470.6398364528952,-2.1207641241107487,-0.19282908654430808
worst_false_positive,argmax(predicted_proba) among rows with true label=Pass AND predicted=Fail (false alarm),24303,W_F_0029,16,31,0,1,0.7478087621129363,10,feature_21,8.052881090465142,-2.634009200600148,-0.1899253280052276
