rank,feature,tp_mean,fn_mean,cohens_d,abs_cohens_d
1,feature_457,3.3014515679514336,3.1560225583950365,-0.5363274591832592,0.5363274591832592
2,feature_60,7.923831289689868,7.702015274021611,-0.5086947265131344,0.5086947265131344
3,feature_269,1403.334283579811,1371.1386587982788,-0.5073680347503152,0.5073680347503152
4,feature_189,-0.10760047223802578,-0.10492067690886606,0.4924799383714845,0.4924799383714845
5,feature_123,124.333198531359,128.80199778527208,0.48930831403653297,0.48930831403653297
6,feature_223,0.8477044451641508,0.8843615862980173,0.4851583805124803,0.4851583805124803
7,feature_276,1.3243634581694197,1.300506495706107,-0.4838916429857886,0.4838916429857886
8,feature_77,-45.47633811093585,-46.85966092168001,-0.4834827427413944,0.4834827427413944
9,feature_198,48.40802910048691,51.325148610932274,0.47858907885944557,0.47858907885944557
10,feature_236,-194.86593835207574,-209.60515832930253,-0.47075953798396847,0.47075953798396847
11,feature_433,494.73110160557724,506.02641548798806,0.4638012177518278,0.4638012177518278
12,feature_109,36.41682491715896,36.97451822944836,0.4626501446526089,0.4626501446526089
13,feature_190,3.2478045946506318,3.0480150608171606,-0.4577581950524237,0.4577581950524237
14,feature_472,4.9077421128609,4.654517787557968,-0.45640638293892494,0.45640638293892494
15,feature_320,5.1580613613785,5.288502838814006,0.45475692101767207,0.45475692101767207
16,feature_163,-80.23492692307636,-76.6966419519388,0.4534754506845212,0.4534754506845212
17,feature_385,980.282259464638,948.7332301446248,-0.4533210997826702,0.4533210997826702
18,feature_178,14.882024433132463,14.338234490318618,-0.45239416430353024,0.45239416430353024
19,feature_359,2719.7318344033965,2830.4622632314276,0.45048605850430423,0.45048605850430423
20,feature_227,3760.8191041696978,3578.3722688990597,-0.4471779201454242,0.4471779201454242
21,feature_396,0.4754046442547839,0.4804146146182728,0.4469156102573359,0.4469156102573359
22,feature_31,6.547338604208502,6.80676158635082,0.4459486566816772,0.4459486566816772
23,feature_436,347.22143511297287,351.41177714676473,0.43925009387074765,0.43925009387074765
24,feature_233,2072.2908088274085,2053.1822730151143,-0.43913196814404865,0.43913196814404865
25,feature_460,-28.698318545605364,-29.363903607389375,-0.4363994859444552,0.4363994859444552
26,feature_348,24.719471082473085,25.26188681441865,0.43576434427102656,0.43576434427102656
27,feature_159,1909.458177573381,1989.6999158757603,0.43561210141784606,0.43561210141784606
28,feature_284,0.16210771662317822,0.15228807973141034,-0.429381236072143,0.429381236072143
29,feature_229,4945.222803919276,4682.19961321743,-0.42899217119706035,0.42899217119706035
30,feature_132,84.17186286822574,86.69611127792291,0.428808781526187,0.428808781526187
31,feature_238,355.66797697608274,362.0805256755533,0.4277011048947728,0.4277011048947728
32,feature_43,0.22561190785036084,0.22996823065836755,0.42534979445478827,0.42534979445478827
33,feature_265,-7.69252446929315,-7.606834862379948,0.4249465196520431,0.4249465196520431
34,feature_290,15.115963957109877,15.7161560650069,0.4237702379455332,0.4237702379455332
35,feature_24,775.9337925356352,809.0705865588873,0.423215962570358,0.423215962570358
36,feature_245,3847.8891609154384,4035.2948381263072,0.4227149424759251,0.4227149424759251
37,feature_242,619.869461293029,589.2583269086673,-0.42258868171759784,0.42258868171759784
38,feature_337,-511.98002937074153,-526.8785979068015,-0.4216230714038174,0.4216230714038174
39,feature_113,-11.128260256109924,-11.28565436796619,-0.4199590985146682,0.4199590985146682
40,feature_33,773.2734385545209,781.7799722289705,0.41707119347528165,0.41707119347528165
41,feature_333,23.439102154671712,24.162165271371713,0.41682643097129646,0.41682643097129646
42,feature_387,0.20862364473039446,0.2064406428807899,-0.4155344600325708,0.4155344600325708
43,feature_285,360.22254601682096,340.52422431276403,-0.4113881841840972,0.4113881841840972
44,feature_209,2863.897775559431,3047.679449197933,0.41059971512313265,0.41059971512313265
45,feature_495,328.6418095630205,313.52399782703804,-0.4083452565898269,0.4083452565898269
46,feature_164,1748.3323233639444,1692.284427643381,-0.4082064813905022,0.4082064813905022
47,feature_295,0.3406986073786638,0.33306794499832776,-0.4074282194652738,0.4074282194652738
48,feature_475,394.78662018454907,403.7235400782817,0.40619599160168485,0.40619599160168485
49,feature_225,0.19812964551983428,0.18769622168970454,-0.40357245091876154,0.40357245091876154
50,feature_243,1076.889090158615,1023.6356763844059,-0.40352818813514396,0.40352818813514396
51,feature_474,21.119483084492032,21.67487857468301,0.40243119947949196,0.40243119947949196
52,feature_397,-2410.7950055858155,-2284.6288387796967,0.40209146067614254,0.40209146067614254
53,feature_57,0.2759331185188757,0.2911616800378104,0.3991358140809064,0.3991358140809064
54,feature_169,3.020610666943904,3.2049969219226155,0.39846826609059,0.39846826609059
55,feature_255,1.7294244560703278,1.6716189648467403,-0.39791945668202944,0.39791945668202944
56,feature_244,216.47166480336793,220.4485991480483,0.3975162036820355,0.3975162036820355
57,feature_171,2471.100991553447,2399.8435450945944,-0.39733141564615754,0.39733141564615754
58,feature_231,1.2671127287784667,1.339236795158798,0.3961760573815347,0.3961760573815347
59,feature_204,0.23258234836519912,0.24144165244006238,0.3956229065078707,0.3956229065078707
60,feature_13,-129.4383385870307,-137.48505957419124,-0.39549779818645653,0.39549779818645653
61,feature_251,1223.8182936757098,1272.7228615585584,0.39474368680882116,0.39474368680882116
62,feature_254,15.426914814038907,15.912023830931512,0.39379744548335366,0.39379744548335366
63,feature_115,160.9106259206366,152.39946339970456,-0.3930719221717096,0.3930719221717096
64,feature_336,0.1884680315829172,0.1833993635993994,-0.3923336257064481,0.3923336257064481
65,feature_69,-0.43888721830610317,-0.44951127844738614,-0.39179365473961114,0.39179365473961114
66,feature_197,39.564869392785326,37.6338476953384,-0.3908531925976121,0.3908531925976121
67,feature_447,1212.774484834226,1274.9429632509248,0.3904362272303821,0.3904362272303821
68,feature_440,-5.362204953067415,-5.687226252995721,-0.3903663639503482,0.3903663639503482
69,feature_497,-1.9542287169631316,-1.9770855261123743,-0.3902383532879613,0.3902383532879613
70,feature_195,1854.6682038688502,1816.669179442959,-0.3898592244179408,0.3898592244179408
71,feature_467,-4.001292353851517,-4.208792820697045,-0.388950652035771,0.388950652035771
72,feature_46,2982.113472701874,2957.551547452261,-0.3886584388095341,0.3886584388095341
73,feature_216,90.37368290406512,91.68095099137766,0.3879278974637852,0.3879278974637852
74,feature_218,14.37120655852078,13.853208774201299,-0.3866274357120773,0.3866274357120773
75,feature_399,2217.7842269429284,2112.46395594068,-0.3859827957649576,0.3859827957649576
76,feature_205,8.291290919878742,7.949627460417017,-0.38593541853064517,0.38593541853064517
77,feature_299,3.3545484441903195,3.400425480405045,0.3855210071446277,0.3855210071446277
78,feature_17,0.1096084142417901,0.11613256333251647,0.38538416898996264,0.38538416898996264
79,feature_166,35.35951708792818,34.63573983620005,-0.3831209853596779,0.3831209853596779
80,feature_370,1.611026219621335,1.5381195143801765,-0.3830414279264544,0.3830414279264544
81,feature_47,33.21089042713419,33.854699316600005,0.383001754461343,0.383001754461343
82,feature_136,44.3403383145719,42.391650767624306,-0.38281490996173356,0.38281490996173356
83,feature_325,0.3720242444669888,0.37826593364277084,0.3815555615864529,0.3815555615864529
84,feature_308,230.14652031122642,237.46768315019963,0.38003650646211934,0.38003650646211934
85,feature_153,825.1394966308054,800.7175179556973,-0.37933419917850286,0.37933419917850286
86,feature_291,32.498745027790704,34.10886030418935,0.37844460001143304,0.37844460001143304
87,feature_277,23.188643321728144,24.069271108367143,0.37622161546599575,0.37622161546599575
88,feature_89,1036.4447297844986,1089.4803460630953,0.37233990829686714,0.37233990829686714
89,feature_368,27.95240744212602,26.847907040683417,-0.3720781281351547,0.3720781281351547
90,feature_365,7.0171920679585575,6.699715269461784,-0.3717377540473937,0.3717377540473937
91,feature_97,0.6729022803039882,0.7013985429413001,0.3706306713672783,0.3706306713672783
92,feature_389,-421.1522755444728,-424.76584363190653,-0.36650275938129917,0.36650275938129917
93,feature_446,31.433566611190024,30.085337438355776,-0.36648971244754674,0.36648971244754674
94,feature_309,3.27652261310383,3.4237393069876254,0.36633134357840214,0.36633134357840214
95,feature_293,-147.45718555189063,-155.08991347446243,-0.3661147270047563,0.3661147270047563
96,feature_125,3.6047645988206956,3.711728910406649,0.36572094087603635,0.36572094087603635
97,feature_262,1570.0562167728401,1623.0813571610022,0.3654703005785767,0.3654703005785767
98,feature_270,-2508.6126819429537,-2397.0023571288866,0.3635786487615556,0.3635786487615556
99,feature_358,-119.5351293642644,-125.68856449202605,-0.3634471998107839,0.3634471998107839
100,feature_3,0.12415964584115446,0.11848648744595026,-0.36336335386375074,0.36336335386375074
101,feature_183,-194.43676802863314,-204.21095705033017,-0.3620211829235978,0.3620211829235978
102,feature_37,0.7011550845421686,0.7190193878610354,0.361773724790766,0.361773724790766
103,feature_235,50.7017961765185,52.810264806369425,0.3615490493256711,0.3615490493256711
104,feature_147,17.47409473037986,18.156549441202046,0.35974480978875156,0.35974480978875156
105,feature_22,23.506755369722082,23.93084670701728,0.35804590574744133,0.35804590574744133
106,feature_258,410.5909994375744,421.4095182006889,0.3569747266710813,0.3569747266710813
107,feature_425,-68.22940653684616,-65.75444164102878,0.355839623837968,0.355839623837968
108,feature_473,92.69685695148995,91.62158351690822,-0.35582954016822416,0.35582954016822416
109,feature_412,-10.236484750890153,-10.780451749955024,-0.35369687319209303,0.35369687319209303
110,feature_381,-19.42918549372282,-19.81848487336858,-0.3536784007881574,0.3536784007881574
111,feature_246,135.78813022223062,133.665777659551,-0.35330202977863356,0.35330202977863356
112,feature_286,28.63775990298896,28.987328731036964,0.35325630946436054,0.35325630946436054
113,feature_146,4.277743788175049,4.076553613940787,-0.35324946800109375,0.35324946800109375
114,feature_221,0.30947931573290155,0.3132206908443847,0.35321293978393764,0.35321293978393764
115,feature_100,30.365108983893872,32.04332277053572,0.35262693422502245,0.35262693422502245
116,feature_362,3560.2611652508713,3454.997311759501,-0.3512749128475949,0.3512749128475949
117,feature_332,25.319334823659716,25.78096987221065,0.35001375546879676,0.35001375546879676
118,feature_130,0.3428827879479329,0.3552466920816726,0.34943057739346683,0.34943057739346683
119,feature_275,-214.24827116789132,-222.09513564398557,-0.3488652418349609,0.3488652418349609
120,feature_480,-1.4907012479300652,-1.5734457746168806,-0.34812496458999054,0.34812496458999054
121,feature_29,-2873.9169145227975,-2919.0414178538363,-0.3452126314656333,0.3452126314656333
122,feature_471,0.6294781574295005,0.6070005564948091,-0.3447615036123605,0.3447615036123605
123,feature_455,1.53470360470353,1.4653594569041628,-0.3397867497695295,0.3397867497695295
124,feature_414,88.1476883060055,89.87452034379636,0.33495097115910155,0.33495097115910155
125,feature_411,0.23447180450309346,0.24348240361673856,0.3343748314018712,0.3343748314018712
126,feature_152,1.0632033149332503,1.0876380741949756,0.3338961161031095,0.3338961161031095
127,feature_349,93.87129187176572,97.49825369076706,0.3337254720851327,0.3337254720851327
128,feature_448,0.12136811369334354,0.12704488258813804,0.3334912508632834,0.3334912508632834
129,feature_8,3.639571034188486,3.5079041714268184,-0.3334908706891248,0.3334908706891248
130,feature_193,0.23626078549999996,0.22786249342731676,-0.3326356487370069,0.3326356487370069
131,feature_401,853.7766563622758,824.1578840949655,-0.33225874119808746,0.33225874119808746
132,feature_264,557.9562708497707,583.3011555615551,0.33176583127940606,0.33176583127940606
133,feature_237,-0.14496479070507198,-0.1465076478846989,-0.33038672085646703,0.33038672085646703
134,feature_85,-1.9790372819313018,-2.069410978973688,-0.3303859056822642,0.3303859056822642
135,feature_263,2.1721663643384894,2.277133420880037,0.32794686085308594,0.32794686085308594
136,feature_105,128.50544411188093,130.51285714977277,0.32547257348537995,0.32547257348537995
137,feature_379,-402.0277781930377,-410.6140512024807,-0.3247608475909588,0.3247608475909588
138,feature_421,1382.301168291292,1337.1087968357315,-0.32399564877300063,0.32399564877300063
139,feature_315,0.3142210331857694,0.318512532665531,0.32313618132330135,0.32313618132330135
140,feature_81,-988.5199980832105,-946.6207139492601,0.3224720142345418,0.3224720142345418
141,feature_283,7.259516862690688,7.027243097951712,-0.32173923460523124,0.32173923460523124
142,feature_350,748.6551015842001,724.2241745199415,-0.3213287654478976,0.3213287654478976
143,feature_127,-88.66087124381087,-89.62123793444427,-0.32120406580224775,0.32120406580224775
144,feature_294,851.4001105628732,829.7148621382535,-0.320816147746976,0.320816147746976
145,feature_367,-2.646767001178005,-2.6919509256928356,-0.32076571986294183,0.32076571986294183
146,feature_58,-145.60480916699194,-150.11849093237942,-0.3202652416721392,0.3202652416721392
147,feature_441,177.70769431560635,175.62219180852742,-0.32007969517006163,0.32007969517006163
148,feature_28,0.4695673875351046,0.486441502627471,0.31936317256498603,0.31936317256498603
149,feature_191,3782.975179340405,3625.5759830744264,-0.31874964717227294,0.31874964717227294
150,feature_56,1124.1593295978694,1089.363806722004,-0.3174842371781821,0.3174842371781821
151,feature_482,-0.1113222682531371,-0.10938151275191682,0.31696032412528863,0.31696032412528863
152,feature_88,10.971767629393396,11.38845163749626,0.31691018011709454,0.31691018011709454
153,feature_449,0.4112587142479481,0.3984234564319029,-0.31595788952390064,0.31595788952390064
154,feature_380,2177.190342136894,2135.0506139857143,-0.31471975752718556,0.31471975752718556
155,feature_403,5.066714798992913,5.268368042640848,0.31462556530076047,0.31462556530076047
156,feature_260,-481.32197382336966,-491.0943383685234,-0.31314214927804435,0.31314214927804435
157,feature_442,12.307942129697421,12.51338991453551,0.3121876721637395,0.3121876721637395
158,feature_222,12.992672426622228,13.186338593014758,0.3115962772189283,0.3115962772189283
159,feature_345,-482.3022529710713,-501.3600454599691,-0.3115924672263869,0.3115924672263869
160,feature_395,63.56095235232931,66.6279542556115,0.3111852563548049,0.3111852563548049
161,feature_312,5.124743139267235,5.19166214241194,0.3108179560267034,0.3108179560267034
162,feature_335,2831.572611257709,2721.039906197699,-0.3097201746230307,0.3097201746230307
163,feature_500,1.8584496154311143,1.7847600242718111,-0.3088277912015376,0.3088277912015376
164,feature_138,-1.7043178330816724,-1.6679325764679855,0.3083926022353145,0.3083926022353145
165,feature_456,1099.321568963289,1125.556522091991,0.30743296320132163,0.30743296320132163
166,feature_341,674.2126029152442,697.2008651644555,0.30681910771377824,0.30681910771377824
167,feature_186,577.5306189166206,561.1220980271343,-0.306327215237438,0.306327215237438
168,feature_443,0.14445004050625776,0.15049608988156254,0.30604970828886524,0.30604970828886524
169,feature_188,-278.98209147174185,-269.3111271671434,0.3057489166950217,0.3057489166950217
170,feature_40,5036.569176723601,4959.4228614481835,-0.30546829843636,0.30546829843636
171,feature_373,68.66912891590965,70.55472977319064,0.305361687172064,0.305361687172064
172,feature_65,0.3609663474521765,0.3557466418762734,-0.3052258027064944,0.3052258027064944
173,feature_486,5195.01271170581,4982.312107967083,-0.3051834651526948,0.3051834651526948
174,feature_280,9.739579385732434,9.47736482568816,-0.3044038520681157,0.3044038520681157
175,feature_271,1.4917324057354153,1.5117228499164874,0.30282690942035373,0.30282690942035373
176,feature_431,0.3207239301557773,0.31259208431245394,-0.3019895282231489,0.3019895282231489
177,feature_141,59.89988211758396,58.89567423212647,-0.3016316693251488,0.3016316693251488
178,feature_272,21.90235276944299,22.21835686800049,0.30057551422234374,0.30057551422234374
179,feature_282,5.146873772507215,5.209350547745447,0.30032433850554036,0.30032433850554036
180,feature_220,2.3204976850187706,2.2668435834830936,-0.3000485725441879,0.3000485725441879
181,feature_32,0.9055080633544341,0.919762340673935,0.2981609687799078,0.2981609687799078
182,feature_30,1.3503377715097211,1.3188358589595068,-0.29763616957166894,0.29763616957166894
183,feature_207,-0.8310428324780607,-0.816380264259473,0.29755744535314455,0.29755744535314455
184,feature_154,200.13054464573912,193.9288298116794,-0.29691944261818737,0.29691944261818737
185,feature_91,24.468236621899226,25.214682297983988,0.2955789129982644,0.2955789129982644
186,feature_404,43.674739737324764,45.22258955175707,0.29525371740555933,0.29525371740555933
187,feature_176,3.8282654398447926,3.89138800151406,0.2952104373267616,0.2952104373267616
188,feature_464,22.028088952457246,21.175255616454862,-0.29478084889688017,0.29478084889688017
189,feature_248,0.7968521902934571,0.7741250618385732,-0.2943456010949628,0.2943456010949628
190,feature_212,2.440497481161721,2.4852731601996836,0.2942849323598243,0.2942849323598243
191,feature_392,-1.8123264185635126,-1.8908583921643738,-0.2934769243283601,0.2934769243283601
192,feature_214,0.12935887389717887,0.1268558247868169,-0.29142585273931587,0.29142585273931587
193,feature_41,39.97532651108664,41.36856202292632,0.2900694921347324,0.2900694921347324
194,feature_435,0.46395763928748984,0.4813018567850841,0.2892765406131463,0.2892765406131463
195,feature_156,199.47334663649866,193.68257060355876,-0.2883971476830451,0.2883971476830451
196,feature_160,331.03493565026577,334.14878576495556,0.28824789852727684,0.28824789852727684
197,feature_71,687.8303422861968,696.8718637771002,0.28783169079684373,0.28783169079684373
198,feature_483,36.55165585592691,35.80054032742223,-0.2872847758610914,0.2872847758610914
199,feature_342,1.8765999619397151,1.9137752101151182,0.2872769242114076,0.2872769242114076
200,feature_9,7.601168216616026,7.706056337358395,0.28696937268302936,0.28696937268302936
201,feature_331,417.96654861892677,435.88968966873426,0.28629168468525895,0.28629168468525895
202,feature_298,-18.20226532809063,-18.006153887620144,0.2860174641587697,0.2860174641587697
203,feature_34,73.20225130537753,74.87851492643527,0.2858066555597044,0.2858066555597044
204,feature_288,-418.171855664871,-429.5624048902713,-0.2849586101924807,0.2849586101924807
205,feature_386,939.8942026693848,905.9143317640825,-0.2838065798742241,0.2838065798742241
206,feature_432,3.4303001645826345,3.35838601547119,-0.283317137749729,0.283317137749729
207,feature_426,-0.30891193177892684,-0.30186825858770716,0.2831088574971148,0.2831088574971148
208,feature_409,-0.6623643630553017,-0.6672463992728908,-0.28255858071639756,0.28255858071639756
209,feature_496,-2008.1663000405065,-1991.4032758044898,0.28207563213833275,0.28207563213833275
210,feature_118,25.666614444351648,25.90472420831965,0.2820694850000105,0.2820694850000105
211,feature_168,0.32366779283961705,0.31088371167505086,-0.2818034793326896,0.2818034793326896
212,feature_185,347.001911849076,335.1716744960412,-0.2816871963405037,0.2816871963405037
213,feature_172,-82.75981530917772,-80.51672283579623,0.2812741964780719,0.2812741964780719
214,feature_16,0.2418831103923995,0.2375384921378654,-0.27994247142150047,0.27994247142150047
215,feature_161,133.60187828448343,128.47912673726262,-0.2786785962148887,0.2786785962148887
216,feature_134,0.30533176014976865,0.3094681073142527,0.27708871046897937,0.27708871046897937
217,feature_62,-22.097786634073746,-21.26886045913574,0.2767361590717683,0.2767361590717683
218,feature_478,1841.3247310375875,1879.5541049097853,0.2766227573747744,0.2766227573747744
219,feature_1,4.956218430461775,4.828092235530566,-0.2766003392507371,0.2766003392507371
220,feature_26,992.7668149423985,1018.2245221626464,0.27598702989876395,0.27598702989876395
221,feature_208,-33.07697580509284,-32.356919663170274,0.27510048642110446,0.27510048642110446
222,feature_306,0.9853868174909358,0.9762650553786064,-0.273649614714549,0.273649614714549
223,feature_114,3246.584904439532,3311.1066627992204,0.27261856891365593,0.27261856891365593
224,feature_78,1086.4242024444177,1055.1529506117386,-0.27162145357185796,0.27162145357185796
225,feature_454,7.276778784182413,7.448306807358936,0.2711059969214755,0.2711059969214755
226,feature_173,-4.252723288550094,-4.338924488826525,-0.2710624284013647,0.2710624284013647
227,feature_20,111.0497560744886,107.20520308271529,-0.2708018476036675,0.2708018476036675
228,feature_310,0.2673336053752851,0.26409959121287535,-0.2702123243835609,0.2702123243835609
229,feature_297,2.8849426287571025,2.7904759525847695,-0.26812892005565997,0.26812892005565997
230,feature_241,3754.05668613551,3634.740870983309,-0.26581905802136657,0.26581905802136657
231,feature_466,-0.7179797707418941,-0.7122073788176455,0.2643041130892745,0.2643041130892745
232,feature_347,2.317112268785305,2.370722780646838,0.26337454182777176,0.26337454182777176
233,feature_491,167.65496750969984,162.9455359169138,-0.2605323313758932,0.2605323313758932
234,feature_137,1754.4861514699217,1785.4055572355953,0.2598126520312164,0.2598126520312164
235,feature_296,3.5608770415903113,3.4970163875174123,-0.2595693955980551,0.2595693955980551
236,feature_211,3.8873188346662557,3.795515500948466,-0.25907800270122516,0.25907800270122516
237,feature_487,1073.1748492315212,1040.0239063043934,-0.25686913089287405,0.25686913089287405
238,feature_75,8.372227874457947,8.294619188106836,-0.2561831560947929,0.2561831560947929
239,feature_253,211.60479662442933,206.38799594890446,-0.2549500021462732,0.2549500021462732
240,feature_224,-0.3526322264062426,-0.34114028621483716,0.25367663979336896,0.25367663979336896
241,feature_340,0.12449715779863448,0.1269965486872931,0.2530926854369964,0.2530926854369964
242,feature_240,17.675744414378453,17.503554275586364,-0.2525300825556715,0.2525300825556715
243,feature_364,0.11002030324918476,0.10759951175604325,-0.2519661507633132,0.2519661507633132
244,feature_21,10.656916177536713,10.434866767681337,-0.2503170236628888,0.2503170236628888
245,feature_328,-577.7421108912565,-585.7503559104658,-0.24915835254606084,0.24915835254606084
246,feature_492,113.07138918173379,113.76388227170764,0.24888919782973076,0.24888919782973076
247,feature_311,2531.243240101024,2591.8580512447597,0.246600080425261,0.246600080425261
248,feature_252,3004.881217345211,2974.3997687276274,-0.24652907772885618,0.24652907772885618
249,feature_239,0.9500554009013745,0.9263074629506135,-0.24623965204407622,0.24623965204407622
250,feature_259,56.29320084150911,58.02204779424967,0.24569520406721626,0.24569520406721626
251,feature_372,0.21645270577546066,0.22298523165848602,0.24562403282283815,0.24562403282283815
252,feature_375,50.283220349062574,49.89301227970611,-0.2450917288728427,0.2450917288728427
253,feature_67,6.015101604050638,5.914172940484236,-0.24469383076875093,0.24469383076875093
254,feature_4,7.541663496392832,7.824179968166268,0.2439589127782843,0.2439589127782843
255,feature_390,0.16900929691129338,0.1732059478517261,0.24278757120165817,0.24278757120165817
256,feature_63,554.1577672928458,571.4455466117746,0.24097764912169972,0.24097764912169972
257,feature_356,-2.5178629311310448,-2.4427758843201612,0.240691766914849,0.240691766914849
258,feature_174,-2.172527214253939,-2.1618287719786493,0.2401906449769584,0.2401906449769584
259,feature_99,-6.30803598859169,-6.275759095366131,0.2398515560562169,0.2398515560562169
260,feature_334,0.8358731554746045,0.8606520856942061,0.23897925198008346,0.23897925198008346
261,feature_202,10.774382821265165,10.572439052821705,-0.2385724327186503,0.2385724327186503
262,feature_418,-1337.82049766149,-1362.1021490765909,-0.23762108928830172,0.23762108928830172
263,feature_6,-26.996614777837497,-26.246702191606555,0.23583890080625863,0.23583890080625863
264,feature_182,11.782648972642898,12.053240048256527,0.23492381252769964,0.23492381252769964
265,feature_54,-5.9210390320880615,-6.03384227871319,-0.23386056442923533,0.23386056442923533
266,feature_196,5.0069079454613385,5.143581156737228,0.23346877570454144,0.23346877570454144
267,feature_256,0.2484599288858992,0.2408095124205485,-0.23304333345248932,0.23304333345248932
268,feature_462,8.389444070275765,8.66484190162666,0.23183410533646054,0.23183410533646054
269,feature_326,185.00002768487371,183.45835210973476,-0.23148376747945112,0.23148376747945112
270,feature_346,-639.466591278448,-626.1285386896808,0.23107619157598255,0.23107619157598255
271,feature_126,3218.843996857039,3277.030665380662,0.23052037137249792,0.23052037137249792
272,feature_303,0.6699501964821591,0.680289496444654,0.23037549796491244,0.23037549796491244
273,feature_445,0.11403016947119969,0.11168635153201889,-0.23032883804960613,0.23032883804960613
274,feature_87,1597.2653609774652,1606.539991200117,0.22776300970856458,0.22776300970856458
275,feature_321,0.15691290054899995,0.16079887709432686,0.227395331405157,0.227395331405157
276,feature_250,31.91485131713729,32.076163238439655,0.22702485602857375,0.22702485602857375
277,feature_427,0.5842310831941583,0.5960385172790854,0.22700718887774643,0.22700718887774643
278,feature_121,2919.1192585072617,2842.040811774139,-0.22671052162711872,0.22671052162711872
279,feature_27,292.8928237697494,286.5302839875226,-0.2265755844829531,0.2265755844829531
280,feature_133,5.591443562504775,5.431919138988486,-0.22650063598165307,0.22650063598165307
281,feature_444,283.2320101595797,286.8605077611315,0.22434447946793634,0.22434447946793634
282,feature_228,-0.374536778850814,-0.36865598290591123,0.22411056592136533,0.22411056592136533
283,feature_351,-1.0374366225866662,-1.0423123497932076,-0.2236017197760343,0.2236017197760343
284,feature_274,855.7888112907646,862.2368114517913,0.2235839343914771,0.2235839343914771
285,feature_76,9.820688922444559,9.56999533801084,-0.22330662802359688,0.22330662802359688
286,feature_498,3228.7110560826277,3172.2147110528135,-0.22320831879195996,0.22320831879195996
287,feature_68,0.17520825655013092,0.17378621591317397,-0.22259885571502705,0.22259885571502705
288,feature_316,-11.19010624823285,-11.119316592851767,0.22231660372027603,0.22231660372027603
289,feature_343,1.5094188274696192,1.5512457542570453,0.22051461562645144,0.22051461562645144
290,feature_116,3.043998762578235,2.98504283781106,-0.2201450448254321,0.2201450448254321
291,feature_36,-0.2088596466659505,-0.21065728074521795,-0.21954509155834093,0.21954509155834093
292,feature_422,238.9798957353212,244.46153167254553,0.2180490072032071,0.2180490072032071
293,feature_86,9.288264491258223,9.064167235585904,-0.21761728167139627,0.21761728167139627
294,feature_400,-0.3144698706207795,-0.3203747359158512,-0.21668828948015045,0.21668828948015045
295,feature_393,118.92299127880477,120.9512072759821,0.21645475959409674,0.21645475959409674
296,feature_419,1356.2117420309653,1399.8992169027722,0.21638065277261093,0.21638065277261093
297,feature_429,-28.976222960316047,-28.643313981943628,0.21632113188938726,0.21632113188938726
298,feature_382,0.10909257194610684,0.1070019065260121,-0.21448901794123365,0.21448901794123365
299,feature_479,-2685.215725999491,-2702.46031969128,-0.21421067109983002,0.21421067109983002
300,feature_148,1.2099198153722337,1.1891797954945253,-0.21415333275135895,0.21415333275135895
301,feature_424,23.909097138885627,24.5639021521764,0.2135598451486814,0.2135598451486814
302,feature_261,147.02051341066667,148.21750963060475,0.21334381442862468,0.21334381442862468
303,feature_10,657.8539947911041,674.3665367744657,0.21242260943574767,0.21242260943574767
304,feature_142,-22.888588609677207,-23.57000955300104,-0.21201440027479368,0.21201440027479368
305,feature_361,0.10604571730448382,0.10453359324181517,-0.21094961441259655,0.21094961441259655
306,feature_476,6.251314419211917,6.2771924763689935,0.21077717287481088,0.21077717287481088
307,feature_394,0.7529807383917176,0.7760310238856328,0.2101041891889347,0.2101041891889347
308,feature_363,-1979.4557006196173,-1928.0756797497727,0.2100404220259031,0.2100404220259031
309,feature_39,0.3062231119730771,0.3108262672688018,0.20967828212129805,0.20967828212129805
310,feature_388,0.841851312238222,0.8465060363018402,0.209323743559706,0.209323743559706
311,feature_129,0.7346068468659478,0.7564653083214649,0.20922817081414638,0.20922817081414638
312,feature_226,46.157874839235205,45.0108316875956,-0.20817380432259497,0.20817380432259497
313,feature_83,0.28057552278527936,0.2733870152460774,-0.20764142194673188,0.20764142194673188
314,feature_82,-58.3199075682052,-58.586809500855544,-0.20379873625642062,0.20379873625642062
315,feature_80,3408.0479544752034,3438.1611176593788,0.20303078631334615,0.20303078631334615
316,feature_66,5.132760377023308,5.078526854933273,-0.20265881338162087,0.20265881338162087
317,feature_485,1.7199793969723474,1.7451359772286519,0.20188519861171791,0.20188519861171791
318,feature_369,0.8788958259385631,0.870949689533686,-0.20087722105965622,0.20087722105965622
319,feature_383,7.433339536832048,7.300371271572758,-0.19752937242102714,0.19752937242102714
320,feature_143,3838.021180929939,3920.943300460892,0.19750187287425153,0.19750187287425153
321,feature_317,-7.476145067451062,-7.599081702902113,-0.19738512451722562,0.19738512451722562
322,feature_461,-3599.684335423949,-3497.3510839487485,0.1969632687870848,0.1969632687870848
323,feature_184,11.419988686531692,11.37086711463861,-0.19607460571229052,0.19607460571229052
324,feature_111,27.834739255089936,28.12648592469657,0.19527108230981619,0.19527108230981619
325,feature_203,8.216122859734645,8.045362526862315,-0.1942433939051823,0.1942433939051823
326,feature_217,733.5544122020576,737.7288450180314,0.1933280497551711,0.1933280497551711
327,feature_257,882.6714931483884,873.2908428213842,-0.19314758461579265,0.19314758461579265
328,feature_438,0.17981335669547244,0.1774800562387852,-0.19296443354408993,0.19296443354408993
329,feature_151,1031.8254977038298,1012.8432480210487,-0.1905921937832799,0.1905921937832799
330,feature_451,-17.912470541078356,-17.798790686283425,0.18972489936608833,0.18972489936608833
331,feature_95,1.1155104234222846,1.1105146176880059,-0.18905513201001659,0.18905513201001659
332,feature_430,-52.41393328457082,-52.18273206223178,0.1885537561526376,0.1885537561526376
333,feature_44,498.11540018816595,489.30193264797254,-0.1872973350273034,0.1872973350273034
334,feature_73,2.6585367103008015,2.6079563594691173,-0.18659184522997227,0.18659184522997227
335,feature_434,26.48603115120333,27.21724549434507,0.18463508216193633,0.18463508216193633
336,feature_402,-31.970990946124466,-32.452600412438436,-0.18461002407783345,0.18461002407783345
337,feature_267,0.11082800981288227,0.10949132767688499,-0.1846019597149084,0.1846019597149084
338,feature_7,669.4357923131728,656.7851142146915,-0.18342342634152403,0.18342342634152403
339,feature_468,0.161321140927654,0.159204311382803,-0.18171382712450762,0.18171382712450762
340,feature_327,0.41978457604542607,0.42755221558253687,0.18168811435933516,0.18168811435933516
341,feature_378,490.8343927494511,504.174542301689,0.17987700880375088,0.17987700880375088
342,feature_415,-1.7017463688806551,-1.743398955919192,-0.17948521002350407,0.17948521002350407
343,feature_301,0.24361352938314182,0.2489166719135327,0.17941659356563178,0.17941659356563178
344,feature_493,1144.7106144790664,1167.5788415605612,0.17862664563422917,0.17862664563422917
345,feature_108,881.3395690176166,872.1744306539379,-0.17800406069688013,0.17800406069688013
346,feature_410,25.92166641282321,25.40935116627662,-0.17772770665259055,0.17772770665259055
347,feature_302,12.564084299639312,12.738392002197045,0.1775527896889084,0.1775527896889084
348,feature_323,155.34661974221092,154.14571008687034,-0.17735589179371722,0.17735589179371722
349,feature_18,4.329495382523962,4.228745060045147,-0.17689933156815046,0.17689933156815046
350,feature_458,9.785782384678546,9.561013952616515,-0.17499528214273805,0.17499528214273805
351,feature_162,-0.9700763915478133,-0.9860692513958434,-0.1744948987766676,0.1744948987766676
352,feature_15,6.21937172710953,6.110020575149412,-0.17385493706293073,0.17385493706293073
353,feature_377,-40.04451855127914,-40.73353021835598,-0.17364738664355023,0.17364738664355023
354,feature_106,-198.80147633220304,-201.00418174011762,-0.17168281941459176,0.17168281941459176
355,feature_70,1439.9819391763801,1464.276537308203,0.17008846556489718,0.17008846556489718
356,feature_104,0.1968130648042838,0.19818361306813068,0.1699893735681761,0.1699893735681761
357,feature_165,4.235253312310052,4.340170204876733,0.16975412068791482,0.16975412068791482
358,feature_96,0.3087015217038518,0.31507272114331925,0.1693584282236359,0.1693584282236359
359,feature_206,421.0488705217366,425.3946514044237,0.16923196135839963,0.16923196135839963
360,feature_158,17.905316453142298,18.084703372341135,0.1689757353432449,0.1689757353432449
361,feature_110,4296.90462132569,4228.449064042416,-0.1683504247128661,0.1683504247128661
362,feature_307,371.1612778864038,365.12486990921195,-0.16689944679136906,0.16689944679136906
363,feature_149,6.790531435678871,6.640107389754902,-0.16681807940482807,0.16681807940482807
364,feature_465,4264.011203382433,4346.022741963972,0.1655645434367685,0.1655645434367685
365,feature_140,0.1921255576227712,0.19531537907380705,0.16378021789914385,0.16378021789914385
366,feature_352,4.3206777725555705,4.290057719950608,-0.16167728012617677,0.16167728012617677
367,feature_79,0.3753575492397949,0.3808148149450179,0.16119028352261713,0.16119028352261713
368,feature_459,5.981878121555349,6.113876074410779,0.1603282214040723,0.1603282214040723
369,feature_247,1980.4756634958594,2018.7411011578693,0.15999113650790836,0.15999113650790836
370,feature_35,-0.3662801078254622,-0.3603238298604375,0.15975469491333216,0.15975469491333216
371,feature_102,0.19280667851350244,0.190434975551083,-0.15901895017286247,0.15901895017286247
372,feature_249,185.47592979140876,189.73925180808138,0.15891364817904322,0.15891364817904322
373,feature_14,-0.8309270165723943,-0.8371054302205553,-0.1569943960588972,0.1569943960588972
374,feature_51,-513.0791584755702,-515.0731618844001,-0.15690019335955038,0.15690019335955038
375,feature_232,0.11953337246749897,0.11886450747771961,-0.1558380272498334,0.1558380272498334
376,feature_357,0.21102911838654656,0.2081922460962978,-0.1556035862823556,0.1556035862823556
377,feature_329,0.4894081071321696,0.499121442653352,0.15529067960366472,0.15529067960366472
378,feature_234,0.319524031066259,0.3145797910642045,-0.15428378572997206,0.15428378572997206
379,feature_177,2.5027148767888745,2.5531965540370747,0.1542801395879901,0.1542801395879901
380,feature_376,-2429.1642710274,-2392.629603135603,0.15355964931361682,0.15355964931361682
381,feature_201,1.9649784691059284,1.9257728479298686,-0.15327993457454775,0.15327993457454775
382,feature_61,33.70984606096659,33.90118814224265,0.15294634391717168,0.15294634391717168
383,feature_230,0.3783657081092018,0.37419338817377246,-0.148146325785609,0.148146325785609
384,feature_124,66.83560378381178,67.0479165702532,0.14682868233668175,0.14682868233668175
385,feature_180,-2801.7182266586974,-2774.3723844121128,0.1455663146805882,0.1455663146805882
386,feature_170,-29.875024273844815,-29.33170675922771,0.1455598057977383,0.1455598057977383
387,feature_59,382.8463857797177,375.37395240152955,-0.14549464277770682,0.14549464277770682
388,feature_417,56.90703339087519,56.11912429029591,-0.1446057871925888,0.1446057871925888
389,feature_281,100.966504364527,101.74096994511902,0.14396495256740952,0.14396495256740952
390,feature_64,-28.047552343442568,-28.134118963687772,-0.1439248274739383,0.1439248274739383
391,feature_481,-0.2715037358418093,-0.2765074867921501,-0.1438795309883456,0.1438795309883456
392,feature_181,9.300770073136006,9.20106374053549,-0.1431708850894951,0.1431708850894951
393,feature_74,507.2276980064182,512.9814572662888,0.14241989829342644,0.14241989829342644
394,feature_187,708.351934478453,716.3402367261064,0.14237088529280456,0.14237088529280456
395,feature_366,-64.43896108842232,-65.52620282574472,-0.1423271350845645,0.1423271350845645
396,feature_215,1.9961030702450824,1.9705370007889456,-0.1421470434962573,0.1421470434962573
397,feature_93,-119.71453774264727,-118.14121992300412,0.14203691522836226,0.14203691522836226
398,feature_199,18.11424025505303,18.054995941970304,-0.1410741235811936,0.1410741235811936
399,feature_194,-0.34710169973245025,-0.34151829453565724,0.13985345918317002,0.13985345918317002
400,feature_489,2.548593576709796,2.507925401798463,-0.13903585192530396,0.13903585192530396
401,feature_423,3.9543843027834535,3.897158545461073,-0.13778138864943157,0.13778138864943157
402,feature_38,4.230689375019927,4.17091346085446,-0.13737045669269574,0.13737045669269574
403,feature_179,0.14728057217165935,0.1446412558186669,-0.1362065426583293,0.1362065426583293
404,feature_84,419.07091554514994,426.3763299588514,0.13584242704836336,0.13584242704836336
405,feature_200,35.63554689917707,35.8159496748146,0.1342111861631044,0.1342111861631044
406,feature_278,-87.00998647711391,-87.66801380686141,-0.1333954295384532,0.1333954295384532
407,feature_488,0.21081752567995762,0.20775276779015217,-0.13312366730003217,0.13312366730003217
408,feature_439,10.24646803562099,10.43048349019911,0.1330474273348377,0.1330474273348377
409,feature_144,-18.014452359692562,-18.12047064135553,-0.13277163979972847,0.13277163979972847
410,feature_45,0.15667592860223842,0.15712988330189284,0.13094887032865749,0.13094887032865749
411,feature_107,2.9666094257273534,2.9948326554841564,0.13090760431878842,0.13090760431878842
412,feature_157,0.2378482480007375,0.2413134779788658,0.1293762975695021,0.1293762975695021
413,feature_450,389.8154785020786,391.3014718501522,0.12833918562202667,0.12833918562202667
414,feature_273,0.1536452839191873,0.15148661742612712,-0.1281281257301514,0.1281281257301514
415,feature_355,0.4730964477872442,0.48139879681603165,0.12716146570843254,0.12716146570843254
416,feature_72,-0.6414651637283558,-0.6493584578168491,-0.1271319278385902,0.1271319278385902
417,feature_11,331.7763339718313,326.5678951552045,-0.12625598491858,0.12625598491858
418,feature_139,431.3685089029678,436.28953380285816,0.12297305430366812,0.12297305430366812
419,feature_155,31.10167596017529,31.51929783841755,0.12280765396947252,0.12280765396947252
420,feature_318,80.77758230718327,81.89867123630991,0.12271572069972493,0.12271572069972493
421,feature_210,2.924531947806538,2.9055227116569564,-0.12237464774503631,0.12237464774503631
422,feature_300,1.0434136919950736,1.0534704458725397,0.1222830971105399,0.1222830971105399
423,feature_406,7.574704963793475,7.5408788293150835,-0.12157905275752347,0.12157905275752347
424,feature_499,42.271563153913554,41.541687808196194,-0.12151152251595432,0.12151152251595432
425,feature_330,-0.5909037005756114,-0.5858037745247185,0.12036843791047658,0.12036843791047658
426,feature_322,4408.1680085865655,4481.429215763895,0.12009862674773239,0.12009862674773239
427,feature_287,40.62154252243289,41.002160531289135,0.11951928343157225,0.11951928343157225
428,feature_122,1.0319797949909784,1.0192005871502399,-0.11851001821575306,0.11851001821575306
429,feature_150,5.824435032781141,5.744626689513269,-0.11779669887055721,0.11779669887055721
430,feature_324,3.3876848126487866,3.368977521766217,-0.11562713588295226,0.11562713588295226
431,feature_452,0.09943830568304378,0.10107910401855577,0.11523800330393509,0.11523800330393509
432,feature_305,-0.6319299697881563,-0.6239980471359885,0.11356600840514429,0.11356600840514429
433,feature_90,217.25149732559905,218.63545803105805,0.11255767716556946,0.11255767716556946
434,feature_371,0.5424785484457096,0.5504767708779873,0.11129014863321597,0.11129014863321597
435,feature_391,1.4103889831593346,1.4008185847601526,-0.1096989632125667,0.1096989632125667
436,feature_408,1.6383536414988884,1.6303725473929611,-0.10907060274948505,0.10907060274948505
437,feature_98,315.3103972321501,312.4682496251559,-0.1089246729005913,0.1089246729005913
438,feature_103,5.464816180702936,5.420660022935577,-0.10874958066311297,0.10874958066311297
439,feature_338,1776.6448854555954,1804.418282053149,0.10807622071843347,0.10807622071843347
440,feature_120,2704.9864616078603,2662.190086617755,-0.10758881175556209,0.10758881175556209
441,feature_266,0.13003237135630502,0.12954840501451764,-0.10750547033609195,0.10750547033609195
442,feature_145,366.2238992473431,361.71117657879444,-0.10644070764760065,0.10644070764760065
443,feature_52,-0.4354259155009559,-0.43802520764147457,-0.10607709480675526,0.10607709480675526
444,feature_135,0.6841237458367055,0.6775436228975112,-0.1046109025309754,0.1046109025309754
445,feature_469,1640.7401563485553,1659.439751500854,0.10329399998224163,0.10329399998224163
446,feature_53,-240.15211654685476,-237.87187337799435,0.10152070118199938,0.10152070118199938
447,feature_304,4181.961556024404,4133.7298014720445,-0.10116107963095668,0.10116107963095668
448,feature_2,55.03904701974895,55.59253939451024,0.10007315088599111,0.10007315088599111
449,feature_407,1.0356217142318551,1.0498446130397554,0.09942912379254078,0.09942912379254078
450,feature_279,486.9921658871499,485.52366154475243,-0.09931436121873313,0.09931436121873313
451,feature_437,865.9663417110479,854.9390989333393,-0.09875488539314928,0.09875488539314928
452,feature_374,33.1378980801126,33.57854638155457,0.09850197211974125,0.09850197211974125
453,feature_268,549.1727396720904,546.3115495645097,-0.09677300863421556,0.09677300863421556
454,feature_167,124.5097619191461,123.64123165860802,-0.09510260764470571,0.09510260764470571
455,feature_5,3.177046236678876,3.1388822301583477,-0.09384732125563669,0.09384732125563669
456,feature_12,2918.8408069557845,2933.813006510746,0.09282623473136264,0.09282623473136264
457,feature_453,7.197446394173788,7.2942232269847675,0.09278716237810629,0.09278716237810629
458,feature_398,65.17131338837623,65.55952855673726,0.09230266720017091,0.09230266720017091
459,feature_405,80.06958393221876,79.29873147245873,-0.08932792501544087,0.08932792501544087
460,feature_428,0.12559737091208215,0.12642337068848328,0.0889510288712796,0.0889510288712796
461,feature_117,59.27623261953392,58.85120420197228,-0.08769412142270797,0.08769412142270797
462,feature_101,1.5318018059181264,1.514184849189937,-0.0848817520289331,0.0848817520289331
463,feature_360,1144.3196809386725,1136.0001368427793,-0.08279654953395212,0.08279654953395212
464,feature_50,-0.21260381299425982,-0.21436918671797286,-0.0822517143674553,0.0822517143674553
465,feature_19,0.20465450589654077,0.20504801860435978,0.07815134220813423,0.07815134220813423
466,feature_49,-0.12243940253724753,-0.12303943262134075,-0.07716478984549852,0.07716478984549852
467,feature_344,0.5027546922196612,0.5045330702436347,0.07542287713568463,0.07542287713568463
468,feature_192,-0.2241177179232335,-0.22505281556042392,-0.07520076140962044,0.07520076140962044
469,feature_219,351.89417811541637,349.3468562802717,-0.07504587507808994,0.07504587507808994
470,feature_112,10.30681304230156,10.264907094951147,-0.07337270639545546,0.07337270639545546
471,feature_484,6.35623839567146,6.371584123613967,0.07304370647140815,0.07304370647140815
472,feature_48,4450.307485937316,4405.087438069936,-0.07263814540681746,0.07263814540681746
473,feature_289,40.502267851271434,40.71292651905009,0.07236749461471485,0.07236749461471485
474,feature_416,3.075771004267666,3.05625694710509,-0.07219145446002814,0.07219145446002814
475,feature_354,-0.3981239933353572,-0.39686624592389325,0.07036682198874984,0.07036682198874984
476,feature_292,14.067473475386915,13.948734081254786,-0.07021314907485754,0.07021314907485754
477,feature_175,2.624441258208967,2.616887081277296,-0.06608645219371392,0.06608645219371392
478,feature_339,88.54154786309694,88.99101257439379,0.06115128237345585,0.06115128237345585
479,feature_490,860.9550128912646,865.038302488914,0.05903883925747817,0.05903883925747817
480,feature_384,0.25878746299164906,0.25848846345960436,-0.05812287693119706,0.05812287693119706
481,feature_319,3383.8159927504353,3409.375179337579,0.057489161543943325,0.057489161543943325
482,feature_92,820.7619060654679,817.9885210188178,-0.05549458797426796,0.05549458797426796
483,feature_131,0.5986843828063823,0.5948342222284906,-0.052413209463189565,0.052413209463189565
484,feature_314,6.396200297014746,6.385614599899653,-0.05161877145318426,0.05161877145318426
485,feature_119,0.9237325180235348,0.9277236069972081,0.045087007374771094,0.045087007374771094
486,feature_25,701.2536235231225,698.715007258172,-0.03765004571954387,0.03765004571954387
487,feature_128,67.15633579322154,66.84001146696043,-0.03527206154224096,0.03527206154224096
488,feature_42,0.3299441097063277,0.3290418002686929,-0.03497145923839033,0.03497145923839033
489,feature_353,72.6933727842772,72.93734869273872,0.032859933381638826,0.032859933381638826
490,feature_463,8.742191562395774,8.778483573314077,0.03222352578124882,0.03222352578124882
491,feature_413,0.9083453955216031,0.9097111088075934,0.030608503336821885,0.030608503336821885
492,feature_55,7.361837157001457,7.341595605414736,-0.0266750249747405,0.0266750249747405
493,feature_470,1.879317770307043,1.8824876983416274,0.022767559592629442,0.022767559592629442
494,feature_23,25.84184042046163,25.78435084909501,-0.022341070846343954,0.022341070846343954
495,feature_494,-3.2837232267633447,-3.2761438647755057,0.01923931610927972,0.01923931610927972
496,feature_477,2749.521108051008,2747.4428807862064,-0.01783330476307975,0.01783330476307975
497,feature_420,1.0823499600742552,1.081274564117,-0.016243277830144145,0.016243277830144145
498,feature_213,1.741747175348501,1.7406748216017398,-0.010832370041299026,0.010832370041299026
499,feature_313,0.721672291178527,0.7217057222921011,0.0010373880648183189,0.0010373880648183189
500,feature_94,-69.16589463601842,-69.15678051100814,0.0009334185484741498,0.0009334185484741498
